Class,Field,Description Rating, Has Example?
ExcelScript.AggregationFunction,,Poor,false
,automatic,Fine,false
,average,Fine,false
,count,Fine,false
,countNumbers,Fine,false
,max,Fine,false
,min,Fine,false
,product,Fine,false
,standardDeviation,Fine,false
,standardDeviationP,Fine,false
,sum,Fine,false
,unknown,Poor,false
,variance,Fine,false
,varianceP,Fine,false
ExcelScript.Application,,Poor,false
,calculate(calculationType),Poor,false
,getCalculationEngineVersion(),Fine,false
,getCalculationMode(),Good,false
,getCalculationState(),Good,false
,getCultureInfo(),Good,false
,getDecimalSeparator(),Good,false
,getIterativeCalculation(),Good,false
,getThousandsSeparator(),Good,false
,getUseSystemSeparators(),Good,false
,setCalculationMode(calculationMode),Good,false
ExcelScript.ArrowheadLength,,Missing,false
,long,Missing,false
,medium,Missing,false
,short,Missing,false
ExcelScript.ArrowheadStyle,,Missing,false
,diamond,Missing,false
,none,Missing,false
,open,Missing,false
,oval,Missing,false
,stealth,Missing,false
,triangle,Missing,false
ExcelScript.ArrowheadWidth,,Missing,false
,medium,Missing,false
,narrow,Missing,false
,wide,Missing,false
ExcelScript.AutoFillType,,Fine,false
,fillCopy,Fine,false
,fillDays,Fine,false
,fillDefault,Fine,false
,fillFormats,Poor,false
,fillMonths,Fine,false
,fillSeries,Fine,false
,fillValues,Poor,false
,fillWeekdays,Fine,false
,fillYears,Fine,false
,flashFill,Fine,false
,growthTrend,Fine,false
,linearTrend,Fine,false
ExcelScript.AutoFilter,,Good,false
,apply(range,Good,false
,clearCriteria(),Poor,false
,getCriteria(),Fine,false
,getEnabled(),Poor,false
,getIsDataFiltered(),Poor,false
,getRange(),Good,false
,reapply(),Poor,false
,remove(),Poor,false
ExcelScript.BasicDataValidation,,Poor,false
,formula1,Good,false
,formula2,Good,false
,operator,Poor,false
ExcelScript.Binding,,Fine,false
,delete(),Poor,false
,getId(),Poor,false
,getRange(),Good,false
,getTable(),Good,false
,getText(),Good,false
,getType(),Good,false
ExcelScript.BindingType,,Missing,false
,range,Missing,false
,table,Missing,false
,text,Missing,false
ExcelScript.BorderIndex,,Missing,false
,diagonalDown,Missing,false
,diagonalUp,Missing,false
,edgeBottom,Missing,false
,edgeLeft,Missing,false
,edgeRight,Missing,false
,edgeTop,Missing,false
,insideHorizontal,Missing,false
,insideVertical,Missing,false
ExcelScript.BorderLineStyle,,Missing,false
,continuous,Missing,false
,dash,Missing,false
,dashDot,Missing,false
,dashDotDot,Missing,false
,dot,Missing,false
,double,Missing,false
,none,Missing,false
,slantDashDot,Missing,false
ExcelScript.BorderWeight,,Missing,false
,hairline,Missing,false
,medium,Missing,false
,thick,Missing,false
,thin,Missing,false
ExcelScript.BuiltInStyle,,Missing,false
,accent1,Missing,false
,accent1_20,Missing,false
,accent1_40,Missing,false
,accent1_60,Missing,false
,accent2,Missing,false
,accent2_20,Missing,false
,accent2_40,Missing,false
,accent2_60,Missing,false
,accent3,Missing,false
,accent3_20,Missing,false
,accent3_40,Missing,false
,accent3_60,Missing,false
,accent4,Missing,false
,accent4_20,Missing,false
,accent4_40,Missing,false
,accent4_60,Missing,false
,accent5,Missing,false
,accent5_20,Missing,false
,accent5_40,Missing,false
,accent5_60,Missing,false
,accent6,Missing,false
,accent6_20,Missing,false
,accent6_40,Missing,false
,accent6_60,Missing,false
,bad,Missing,false
,calculation,Missing,false
,checkCell,Missing,false
,comma,Missing,false
,currency,Missing,false
,emphasis1,Missing,false
,emphasis2,Missing,false
,emphasis3,Missing,false
,explanatoryText,Missing,false
,good,Missing,false
,heading1,Missing,false
,heading2,Missing,false
,heading3,Missing,false
,heading4,Missing,false
,hlink,Missing,false
,hlinkTrav,Missing,false
,input,Missing,false
,linkedCell,Missing,false
,neutral,Missing,false
,normal,Missing,false
,note,Missing,false
,output,Missing,false
,percent,Missing,false
,sheetTitle,Missing,false
,total,Missing,false
,warningText,Missing,false
,wholeComma,Missing,false
,wholeDollar,Missing,false
ExcelScript.CalculationMode,,Missing,false
,automatic,Fine,false
,automaticExceptTables,Fine,false
,manual,Fine,false
ExcelScript.CalculationState,,Fine,false
,calculating,Poor,false
,done,Poor,false
,pending,Fine,false
ExcelScript.CalculationType,,Missing,false
,full,Fine,false
,fullRebuild,Fine,false
,recalculate,Fine,false
ExcelScript.CellBorder,,Fine,false
,color,Poor,false
,style,Poor,false
,tintAndShade,Poor,false
,weight,Poor,false
ExcelScript.CellBorderCollection,,Fine,false
,bottom,Poor,false
,diagonalDown,Poor,false
,diagonalUp,Poor,false
,horizontal,Poor,false
,left,Poor,false
,right,Poor,false
,top,Poor,false
,vertical,Poor,false
ExcelScript.CellPropertiesBorderLoadOptions,,Poor,false
,color,Poor,false
,style,Poor,false
,tintAndShade,Poor,false
,weight,Poor,false
ExcelScript.CellPropertiesFill,,Fine,false
,color,Poor,false
,pattern,Poor,false
,patternColor,Poor,false
,patternTintAndShade,Poor,false
,tintAndShade,Poor,false
ExcelScript.CellPropertiesFillLoadOptions,,Poor,false
,color,Poor,false
,pattern,Poor,false
,patternColor,Poor,false
,patternTintAndShade,Poor,false
,tintAndShade,Poor,false
ExcelScript.CellPropertiesFont,,Fine,false
,bold,Poor,false
,color,Poor,false
,italic,Poor,false
,name,Poor,false
,size,Poor,false
,strikethrough,Poor,false
,subscript,Poor,false
,superscript,Poor,false
,tintAndShade,Poor,false
,underline,Poor,false
ExcelScript.CellPropertiesFontLoadOptions,,Poor,false
,bold,Poor,false
,color,Poor,false
,italic,Poor,false
,name,Poor,false
,size,Poor,false
,strikethrough,Poor,false
,subscript,Poor,false
,superscript,Poor,false
,tintAndShade,Poor,false
,underline,Poor,false
ExcelScript.CellPropertiesProtection,,Fine,false
,formulaHidden,Poor,false
,locked,Poor,false
ExcelScript.CellValueConditionalFormat,,Poor,false
,getFormat(),Fine,false
,getRule(),Poor,false
,setRule(rule),Poor,false
ExcelScript.Chart,,Poor,false
,activate(),Poor,false
,addChartSeries(name,Good,false
,delete(),Poor,false
,getAxes(),Poor,false
,getCategoryLabelLevel(),Fine,false
,getChartType(),Good,false
,getDataLabels(),Poor,false
,getDisplayBlanksAs(),Fine,false
,getFormat(),Poor,false
,getHeight(),Poor,false
,getId(),Poor,false
,getImage(width,Good,false
,getLeft(),Fine,false
,getLegend(),Poor,false
,getName(),Poor,false
,getPivotOptions(),Poor,false
,getPlotArea(),Poor,false
,getPlotBy(),Fine,false
,getPlotVisibleOnly(),Good,false
,getSeries(),Fine,false
,getSeriesNameLevel(),Fine,false
,getShowAllFieldButtons(),Fine,false
,getShowDataLabelsOverMaximum(),Good,false
,getStyle(),Poor,false
,getTitle(),Fine,false
,getTop(),Fine,false
,getWidth(),Poor,false
,getWorksheet(),Poor,false
,setCategoryLabelLevel(categoryLabelLevel),Fine,false
,setChartType(chartType),Good,false
,setData(sourceData,Poor,false
,setDisplayBlanksAs(displayBlanksAs),Fine,false
,setHeight(height),Poor,false
,setLeft(left),Fine,false
,setName(name),Poor,false
,setPlotBy(plotBy),Fine,false
,setPlotVisibleOnly(plotVisibleOnly),Good,false
,setPosition(startCell,Poor,false
,setSeriesNameLevel(seriesNameLevel),Fine,false
,setShowAllFieldButtons(showAllFieldButtons),Fine,false
,setShowDataLabelsOverMaximum(showDataLabelsOverMaximum),Good,false
,setStyle(style),Poor,false
,setTop(top),Fine,false
,setWidth(width),Poor,false
ExcelScript.ChartAreaFormat,,Poor,false
,getBorder(),Fine,false
,getColorScheme(),Poor,false
,getFill(),Fine,false
,getFont(),Fine,false
,getRoundedCorners(),Fine,false
,setColorScheme(colorScheme),Poor,false
,setRoundedCorners(roundedCorners),Fine,false
ExcelScript.ChartAxes,,Poor,false
,getCategoryAxis(),Poor,false
,getChartAxis(type,Poor,false
,getSeriesAxis(),Poor,false
,getValueAxis(),Poor,false
ExcelScript.ChartAxis,,Poor,false
,getAlignment(),Good,false
,getAxisGroup(),Good,false
,getBaseTimeUnit(),Poor,false
,getCategoryType(),Poor,false
,getCustomDisplayUnit(),Good,false
,getDisplayUnit(),Poor,false
,getFormat(),Fine,false
,getHeight(),Good,false
,getIsBetweenCategories(),Fine,false
,getLeft(),Good,false
,getLinkNumberFormat(),Good,false
,getLogBase(),Fine,false
,getMajorGridlines(),Fine,false
,getMajorTickMark(),Good,false
,getMajorTimeUnitScale(),Fine,false
,getMajorUnit(),Poor,false
,getMaximum(),Poor,false
,getMinimum(),Poor,false
,getMinorGridlines(),Fine,false
,getMinorTickMark(),Good,false
,getMinorTimeUnitScale(),Fine,false
,getMinorUnit(),Poor,false
,getMultiLevel(),Poor,false
,getNumberFormat(),Poor,false
,getOffset(),Good,false
,getPosition(),Good,false
,getPositionAt(),Good,false
,getReversePlotOrder(),Fine,false
,getScaleType(),Good,false
,getShowDisplayUnitLabel(),Poor,false
,getTextOrientation(),Good,false
,getTickLabelPosition(),Good,false
,getTickLabelSpacing(),Good,false
,getTickMarkSpacing(),Fine,false
,getTitle(),Poor,false
,getTop(),Good,false
,getType(),Poor,false
,getVisible(),Poor,false
,getWidth(),Good,false
,setAlignment(alignment),Good,false
,setBaseTimeUnit(baseTimeUnit),Poor,false
,setCategoryNames(sourceData),Poor,false
,setCategoryType(categoryType),Poor,false
,setCustomDisplayUnit(value),Poor,false
,setDisplayUnit(displayUnit),Poor,false
,setIsBetweenCategories(isBetweenCategories),Fine,false
,setLinkNumberFormat(linkNumberFormat),Good,false
,setLogBase(logBase),Fine,false
,setMajorTickMark(majorTickMark),Good,false
,setMajorTimeUnitScale(majorTimeUnitScale),Fine,false
,setMajorUnit(majorUnit),Poor,false
,setMaximum(maximum),Poor,false
,setMinimum(minimum),Poor,false
,setMinorTickMark(minorTickMark),Good,false
,setMinorTimeUnitScale(minorTimeUnitScale),Fine,false
,setMinorUnit(minorUnit),Poor,false
,setMultiLevel(multiLevel),Poor,false
,setNumberFormat(numberFormat),Poor,false
,setOffset(offset),Good,false
,setPosition(position),Good,false
,setPositionAt(value),Fine,false
,setReversePlotOrder(reversePlotOrder),Fine,false
,setScaleType(scaleType),Good,false
,setShowDisplayUnitLabel(showDisplayUnitLabel),Poor,false
,setTextOrientation(textOrientation),Good,false
,setTickLabelPosition(tickLabelPosition),Good,false
,setTickLabelSpacing(tickLabelSpacing),Good,false
,setTickMarkSpacing(tickMarkSpacing),Fine,false
,setVisible(visible),Poor,false
ExcelScript.ChartAxisCategoryType,,Poor,false
,automatic,Poor,false
,dateAxis,Poor,false
,textAxis,Poor,false
ExcelScript.ChartAxisDisplayUnit,,Missing,false
,billions,Poor,false
,custom,Fine,false
,hundredMillions,Fine,false
,hundreds,Poor,false
,hundredThousands,Fine,false
,millions,Poor,false
,none,Good,false
,tenMillions,Fine,false
,tenThousands,Fine,false
,thousands,Poor,false
,trillions,Poor,false
ExcelScript.ChartAxisFormat,,Poor,false
,getFill(),Poor,false
,getFont(),Fine,false
,getLine(),Poor,false
ExcelScript.ChartAxisGroup,,Missing,false
,primary,Missing,false
,secondary,Missing,false
ExcelScript.ChartAxisPosition,,Missing,false
,automatic,Missing,false
,custom,Missing,false
,maximum,Missing,false
,minimum,Missing,false
ExcelScript.ChartAxisScaleType,,Missing,false
,linear,Missing,false
,logarithmic,Missing,false
ExcelScript.ChartAxisTickLabelPosition,,Missing,false
,high,Missing,false
,low,Missing,false
,nextToAxis,Missing,false
,none,Missing,false
ExcelScript.ChartAxisTickMark,,Missing,false
,cross,Missing,false
,inside,Missing,false
,none,Missing,false
,outside,Missing,false
ExcelScript.ChartAxisTimeUnit,,Fine,false
,days,Missing,false
,months,Missing,false
,years,Missing,false
ExcelScript.ChartAxisTitle,,Poor,false
,getFormat(),Poor,false
,getText(),Poor,false
,getTextOrientation(),Good,false
,getVisible(),Poor,false
,setFormula(formula),Fine,false
,setText(text),Poor,false
,setTextOrientation(textOrientation),Good,false
,setVisible(visible),Poor,false
ExcelScript.ChartAxisTitleFormat,,Poor,false
,getBorder(),Fine,false
,getFill(),Poor,false
,getFont(),Fine,false
ExcelScript.ChartAxisType,,Missing,false
,category,Poor,false
,invalid,Missing,false
,series,Poor,false
,value,Poor,false
ExcelScript.ChartBinOptions,,Fine,false
,getAllowOverflow(),Fine,false
,getAllowUnderflow(),Fine,false
,getCount(),Fine,false
,getOverflowValue(),Fine,false
,getType(),Fine,false
,getUnderflowValue(),Fine,false
,getWidth(),Fine,false
,setAllowOverflow(allowOverflow),Fine,false
,setAllowUnderflow(allowUnderflow),Fine,false
,setCount(count),Fine,false
,setOverflowValue(overflowValue),Fine,false
,setType(type),Fine,false
,setUnderflowValue(underflowValue),Fine,false
,setWidth(width),Fine,false
ExcelScript.ChartBinType,,Fine,false
,auto,Missing,false
,binCount,Missing,false
,binWidth,Missing,false
,category,Missing,false
ExcelScript.ChartBorder,,Poor,false
,clear(),Poor,false
,getColor(),Fine,false
,getLineStyle(),Good,false
,getWeight(),Poor,false
,setColor(color),Fine,false
,setLineStyle(lineStyle),Good,false
,setWeight(weight),Poor,false
ExcelScript.ChartBoxQuartileCalculation,,Good,false
,exclusive,Missing,false
,inclusive,Missing,false
ExcelScript.ChartBoxwhiskerOptions,,Poor,false
,getQuartileCalculation(),Fine,false
,getShowInnerPoints(),Fine,false
,getShowMeanLine(),Fine,false
,getShowMeanMarker(),Fine,false
,getShowOutlierPoints(),Fine,false
,setQuartileCalculation(quartileCalculation),Fine,false
,setShowInnerPoints(showInnerPoints),Fine,false
,setShowMeanLine(showMeanLine),Fine,false
,setShowMeanMarker(showMeanMarker),Fine,false
,setShowOutlierPoints(showOutlierPoints),Fine,false
ExcelScript.ChartColorScheme,,Missing,false
,colorfulPalette1,Missing,false
,colorfulPalette2,Missing,false
,colorfulPalette3,Missing,false
,colorfulPalette4,Missing,false
,monochromaticPalette1,Missing,false
,monochromaticPalette10,Missing,false
,monochromaticPalette11,Missing,false
,monochromaticPalette12,Missing,false
,monochromaticPalette13,Missing,false
,monochromaticPalette2,Missing,false
,monochromaticPalette3,Missing,false
,monochromaticPalette4,Missing,false
,monochromaticPalette5,Missing,false
,monochromaticPalette6,Missing,false
,monochromaticPalette7,Missing,false
,monochromaticPalette8,Missing,false
,monochromaticPalette9,Missing,false
ExcelScript.ChartDataLabel,,Poor,false
,getAutoText(),Fine,false
,getFormat(),Poor,false
,getFormula(),Fine,false
,getHeight(),Good,false
,getHorizontalAlignment(),Good,false
,getLeft(),Good,false
,getLinkNumberFormat(),Fine,false
,getNumberFormat(),Fine,false
,getPosition(),Good,false
,getSeparator(),Fine,false
,getShowBubbleSize(),Poor,false
,getShowCategoryName(),Poor,false
,getShowLegendKey(),Poor,false
,getShowPercentage(),Poor,false
,getShowSeriesName(),Poor,false
,getShowValue(),Poor,false
,getText(),Fine,false
,getTextOrientation(),Good,false
,getTop(),Good,false
,getVerticalAlignment(),Good,false
,getWidth(),Good,false
,setAutoText(autoText),Fine,false
,setFormula(formula),Fine,false
,setHorizontalAlignment(horizontalAlignment),Good,false
,setLeft(left),Good,false
,setLinkNumberFormat(linkNumberFormat),Fine,false
,setNumberFormat(numberFormat),Fine,false
,setPosition(position),Good,false
,setSeparator(separator),Fine,false
,setShowBubbleSize(showBubbleSize),Poor,false
,setShowCategoryName(showCategoryName),Poor,false
,setShowLegendKey(showLegendKey),Poor,false
,setShowPercentage(showPercentage),Poor,false
,setShowSeriesName(showSeriesName),Poor,false
,setShowValue(showValue),Poor,false
,setText(text),Fine,false
,setTextOrientation(textOrientation),Good,false
,setTop(top),Good,false
,setVerticalAlignment(verticalAlignment),Good,false
ExcelScript.ChartDataLabelFormat,,Poor,false
,getBorder(),Fine,false
,getFill(),Fine,false
,getFont(),Fine,false
ExcelScript.ChartDataLabelPosition,,Missing,false
,bestFit,Missing,false
,bottom,Missing,false
,callout,Missing,false
,center,Missing,false
,insideBase,Missing,false
,insideEnd,Missing,false
,invalid,Missing,false
,left,Missing,false
,none,Missing,false
,outsideEnd,Missing,false
,right,Missing,false
,top,Missing,false
ExcelScript.ChartDataLabels,,Fine,false
,getAutoText(),Fine,false
,getFormat(),Fine,false
,getHorizontalAlignment(),Good,false
,getLinkNumberFormat(),Good,false
,getNumberFormat(),Poor,false
,getPosition(),Good,false
,getSeparator(),Fine,false
,getShowBubbleSize(),Poor,false
,getShowCategoryName(),Poor,false
,getShowLegendKey(),Poor,false
,getShowPercentage(),Poor,false
,getShowSeriesName(),Poor,false
,getShowValue(),Poor,false
,getTextOrientation(),Good,false
,getVerticalAlignment(),Good,false
,setAutoText(autoText),Fine,false
,setHorizontalAlignment(horizontalAlignment),Good,false
,setLinkNumberFormat(linkNumberFormat),Good,false
,setNumberFormat(numberFormat),Poor,false
,setPosition(position),Good,false
,setSeparator(separator),Fine,false
,setShowBubbleSize(showBubbleSize),Poor,false
,setShowCategoryName(showCategoryName),Poor,false
,setShowLegendKey(showLegendKey),Poor,false
,setShowPercentage(showPercentage),Poor,false
,setShowSeriesName(showSeriesName),Poor,false
,setShowValue(showValue),Poor,false
,setTextOrientation(textOrientation),Good,false
,setVerticalAlignment(verticalAlignment),Good,false
ExcelScript.ChartDisplayBlanksAs,,Missing,false
,interplotted,Missing,false
,notPlotted,Missing,false
,zero,Missing,false
ExcelScript.ChartErrorBars,,Fine,false
,getEndStyleCap(),Poor,false
,getFormat(),Poor,false
,getInclude(),Poor,false
,getType(),Poor,false
,getVisible(),Poor,false
,setEndStyleCap(endStyleCap),Poor,false
,setInclude(include),Poor,false
,setType(type),Poor,false
,setVisible(visible),Poor,false
ExcelScript.ChartErrorBarsFormat,,Poor,false
,getLine(),Poor,false
ExcelScript.ChartErrorBarsInclude,,Poor,false
,both,Missing,false
,minusValues,Missing,false
,plusValues,Missing,false
ExcelScript.ChartErrorBarsType,,Poor,false
,custom,Missing,false
,fixedValue,Missing,false
,percent,Missing,false
,stDev,Missing,false
,stError,Missing,false
ExcelScript.ChartFill,,Poor,false
,clear(),Poor,false
,setSolidColor(color),Fine,false
ExcelScript.ChartFont,,Fine,false
,getBold(),Poor,false
,getColor(),Fine,false
,getItalic(),Poor,false
,getName(),Poor,false
,getSize(),Poor,false
,getUnderline(),Good,false
,setBold(bold),Poor,false
,setColor(color),Fine,false
,setItalic(italic),Poor,false
,setName(name),Poor,false
,setSize(size),Poor,false
,setUnderline(underline),Good,false
ExcelScript.ChartFormatString,,Fine,false
,getFont(),Fine,false
ExcelScript.ChartGradientStyle,,Good,false
,threePhaseColor,Missing,false
,twoPhaseColor,Missing,false
ExcelScript.ChartGradientStyleType,,Good,false
,extremeValue,Missing,false
,number,Missing,false
,percent,Missing,false
ExcelScript.ChartGridlines,,Poor,false
,getFormat(),Poor,false
,getVisible(),Poor,false
,setVisible(visible),Poor,false
ExcelScript.ChartGridlinesFormat,,Poor,false
,getLine(),Poor,false
ExcelScript.ChartLegend,,Poor,false
,getFormat(),Fine,false
,getHeight(),Good,false
,getLeft(),Good,false
,getLegendEntries(),Poor,false
,getOverlay(),Fine,false
,getPosition(),Good,false
,getShowShadow(),Fine,false
,getTop(),Poor,false
,getVisible(),Poor,false
,getWidth(),Good,false
,setHeight(height),Good,false
,setLeft(left),Good,false
,setOverlay(overlay),Fine,false
,setPosition(position),Good,false
,setShowShadow(showShadow),Fine,false
,setTop(top),Poor,false
,setVisible(visible),Poor,false
,setWidth(width),Good,false
ExcelScript.ChartLegendEntry,,Poor,false
,getHeight(),Fine,false
,getIndex(),Fine,false
,getLeft(),Poor,false
,getTop(),Poor,false
,getVisible(),Poor,false
,getWidth(),Fine,false
,setVisible(visible),Poor,false
ExcelScript.ChartLegendFormat,,Poor,false
,getBorder(),Fine,false
,getFill(),Fine,false
,getFont(),Fine,false
ExcelScript.ChartLegendPosition,,Missing,false
,bottom,Missing,false
,corner,Missing,false
,custom,Missing,false
,invalid,Missing,false
,left,Missing,false
,right,Missing,false
,top,Missing,false
ExcelScript.ChartLineFormat,,Poor,false
,clear(),Poor,false
,getColor(),Fine,false
,getLineStyle(),Poor,false
,getWeight(),Poor,false
,setColor(color),Fine,false
,setLineStyle(lineStyle),Poor,false
,setWeight(weight),Poor,false
ExcelScript.ChartLineStyle,,Missing,false
,automatic,Missing,false
,continuous,Missing,false
,dash,Missing,false
,dashDot,Missing,false
,dashDotDot,Missing,false
,dot,Missing,false
,grey25,Missing,false
,grey50,Missing,false
,grey75,Missing,false
,none,Missing,false
,roundDot,Missing,false
ExcelScript.ChartMapAreaLevel,,Good,false
,automatic,Missing,false
,city,Missing,false
,continent,Missing,false
,country,Missing,false
,county,Missing,false
,dataOnly,Missing,false
,state,Missing,false
,world,Missing,false
ExcelScript.ChartMapLabelStrategy,,Good,false
,bestFit,Missing,false
,none,Missing,false
,showAll,Missing,false
ExcelScript.ChartMapOptions,,Poor,false
,getLabelStrategy(),Fine,false
,getLevel(),Fine,false
,getProjectionType(),Fine,false
,setLabelStrategy(labelStrategy),Fine,false
,setLevel(level),Fine,false
,setProjectionType(projectionType),Fine,false
ExcelScript.ChartMapProjectionType,,Good,false
,albers,Missing,false
,automatic,Missing,false
,mercator,Missing,false
,miller,Missing,false
,robinson,Missing,false
ExcelScript.ChartMarkerStyle,,Missing,false
,automatic,Missing,false
,circle,Missing,false
,dash,Missing,false
,diamond,Missing,false
,dot,Missing,false
,invalid,Missing,false
,none,Missing,false
,picture,Missing,false
,plus,Missing,false
,square,Missing,false
,star,Missing,false
,triangle,Missing,false
,x,Missing,false
ExcelScript.ChartParentLabelStrategy,,Good,false
,banner,Missing,false
,none,Missing,false
,overlapping,Missing,false
ExcelScript.ChartPivotOptions,,Poor,false
,getShowAxisFieldButtons(),Good,false
,getShowLegendFieldButtons(),Fine,false
,getShowReportFilterFieldButtons(),Fine,false
,getShowValueFieldButtons(),Fine,false
,setShowAxisFieldButtons(showAxisFieldButtons),Good,false
,setShowLegendFieldButtons(showLegendFieldButtons),Fine,false
,setShowReportFilterFieldButtons(showReportFilterFieldButtons),Fine,false
,setShowValueFieldButtons(showValueFieldButtons),Fine,false
ExcelScript.ChartPlotArea,,Fine,false
,getFormat(),Poor,false
,getHeight(),Poor,false
,getInsideHeight(),Poor,false
,getInsideLeft(),Poor,false
,getInsideTop(),Poor,false
,getInsideWidth(),Poor,false
,getLeft(),Poor,false
,getPosition(),Poor,false
,getTop(),Poor,false
,getWidth(),Poor,false
,setHeight(height),Poor,false
,setInsideHeight(insideHeight),Poor,false
,setInsideLeft(insideLeft),Poor,false
,setInsideTop(insideTop),Poor,false
,setInsideWidth(insideWidth),Poor,false
,setLeft(left),Poor,false
,setPosition(position),Poor,false
,setTop(top),Poor,false
,setWidth(width),Poor,false
ExcelScript.ChartPlotAreaFormat,,Poor,false
,getBorder(),Poor,false
,getFill(),Fine,false
ExcelScript.ChartPlotAreaPosition,,Missing,false
,automatic,Missing,false
,custom,Missing,false
ExcelScript.ChartPlotBy,,Missing,false
,columns,Missing,false
,rows,Missing,false
ExcelScript.ChartPoint,,Poor,false
,getDataLabel(),Poor,false
,getFormat(),Poor,false
,getHasDataLabel(),Good,false
,getMarkerBackgroundColor(),Fine,false
,getMarkerForegroundColor(),Fine,false
,getMarkerSize(),Poor,false
,getMarkerStyle(),Good,false
,getValue(),Poor,false
,setHasDataLabel(hasDataLabel),Good,false
,setMarkerBackgroundColor(markerBackgroundColor),Fine,false
,setMarkerForegroundColor(markerForegroundColor),Fine,false
,setMarkerSize(markerSize),Poor,false
,setMarkerStyle(markerStyle),Good,false
ExcelScript.ChartPointFormat,,Poor,false
,getBorder(),Fine,false
,getFill(),Fine,false
ExcelScript.ChartSeries,,Poor,false
,addChartTrendline(type),Poor,false
,delete(),Poor,false
,getAxisGroup(),Poor,false
,getBinOptions(),Fine,false
,getBoxwhiskerOptions(),Poor,false
,getBubbleScale(),Good,false
,getChartTrendline(index),Fine,false
,getChartType(),Good,false
,getDataLabels(),Fine,false
,getDimensionValues(dimension),Good,false
,getDoughnutHoleSize(),Good,false
,getExplosion(),Good,false
,getFiltered(),Good,false
,getFirstSliceAngle(),Good,false
,getFormat(),Fine,false
,getGapWidth(),Good,false
,getGradientMaximumColor(),Fine,false
,getGradientMaximumType(),Fine,false
,getGradientMaximumValue(),Fine,false
,getGradientMidpointColor(),Fine,false
,getGradientMidpointType(),Fine,false
,getGradientMidpointValue(),Fine,false
,getGradientMinimumColor(),Fine,false
,getGradientMinimumType(),Fine,false
,getGradientMinimumValue(),Fine,false
,getGradientStyle(),Fine,false
,getHasDataLabels(),Poor,false
,getInvertColor(),Fine,false
,getInvertIfNegative(),Fine,false
,getMapOptions(),Poor,false
,getMarkerBackgroundColor(),Poor,false
,getMarkerForegroundColor(),Poor,false
,getMarkerSize(),Poor,false
,getMarkerStyle(),Good,false
,getName(),Good,false
,getOverlap(),Good,false
,getParentLabelStrategy(),Fine,false
,getPlotOrder(),Fine,false
,getPoints(),Poor,false
,getSecondPlotSize(),Good,false
,getShowConnectorLines(),Poor,false
,getShowLeaderLines(),Fine,false
,getShowShadow(),Poor,false
,getSmooth(),Good,false
,getSplitType(),Fine,false
,getSplitValue(),Fine,false
,getTrendlines(),Poor,false
,getVaryByCategories(),Good,false
,getXErrorBars(),Poor,false
,getYErrorBars(),Poor,false
,setAxisGroup(axisGroup),Poor,false
,setBubbleScale(bubbleScale),Good,false
,setBubbleSizes(sourceData),Good,false
,setChartType(chartType),Good,false
,setDoughnutHoleSize(doughnutHoleSize),Good,false
,setExplosion(explosion),Good,false
,setFiltered(filtered),Good,false
,setFirstSliceAngle(firstSliceAngle),Good,false
,setGapWidth(gapWidth),Good,false
,setGradientMaximumColor(gradientMaximumColor),Fine,false
,setGradientMaximumType(gradientMaximumType),Fine,false
,setGradientMaximumValue(gradientMaximumValue),Fine,false
,setGradientMidpointColor(gradientMidpointColor),Fine,false
,setGradientMidpointType(gradientMidpointType),Fine,false
,setGradientMidpointValue(gradientMidpointValue),Fine,false
,setGradientMinimumColor(gradientMinimumColor),Fine,false
,setGradientMinimumType(gradientMinimumType),Fine,false
,setGradientMinimumValue(gradientMinimumValue),Fine,false
,setGradientStyle(gradientStyle),Fine,false
,setHasDataLabels(hasDataLabels),Poor,false
,setInvertColor(invertColor),Fine,false
,setInvertIfNegative(invertIfNegative),Fine,false
,setMarkerBackgroundColor(markerBackgroundColor),Poor,false
,setMarkerForegroundColor(markerForegroundColor),Poor,false
,setMarkerSize(markerSize),Poor,false
,setMarkerStyle(markerStyle),Good,false
,setName(name),Good,false
,setOverlap(overlap),Good,false
,setParentLabelStrategy(parentLabelStrategy),Fine,false
,setPlotOrder(plotOrder),Fine,false
,setSecondPlotSize(secondPlotSize),Good,false
,setShowConnectorLines(showConnectorLines),Poor,false
,setShowLeaderLines(showLeaderLines),Fine,false
,setShowShadow(showShadow),Poor,false
,setSmooth(smooth),Good,false
,setSplitType(splitType),Fine,false
,setSplitValue(splitValue),Fine,false
,setValues(sourceData),Good,false
,setVaryByCategories(varyByCategories),Good,false
,setXAxisValues(sourceData),Good,false
ExcelScript.ChartSeriesBy,,Good,false
,auto,Good,false
,columns,Missing,false
,rows,Missing,false
ExcelScript.ChartSeriesDimension,,Poor,false
,bubbleSizes,Fine,false
,categories,Poor,false
,values,Poor,false
,xvalues,Fine,false
,yvalues,Fine,false
ExcelScript.ChartSeriesFormat,,Poor,false
,getFill(),Fine,false
,getLine(),Poor,false
ExcelScript.ChartSplitType,,Missing,false
,splitByCustomSplit,Missing,false
,splitByPercentValue,Missing,false
,splitByPosition,Missing,false
,splitByValue,Missing,false
ExcelScript.ChartTextHorizontalAlignment,,Poor,false
,center,Missing,false
,distributed,Missing,false
,justify,Missing,false
,left,Missing,false
,right,Missing,false
ExcelScript.ChartTextVerticalAlignment,,Poor,false
,bottom,Missing,false
,center,Missing,false
,distributed,Missing,false
,justify,Missing,false
,top,Missing,false
ExcelScript.ChartTickLabelAlignment,,Missing,false
,center,Missing,false
,left,Missing,false
,right,Missing,false
ExcelScript.ChartTitle,,Poor,false
,getFormat(),Fine,false
,getHeight(),Good,false
,getHorizontalAlignment(),Poor,false
,getLeft(),Good,false
,getOverlay(),Poor,false
,getPosition(),Good,false
,getShowShadow(),Fine,false
,getSubstring(start,Good,false
,getText(),Poor,false
,getTextOrientation(),Good,false
,getTop(),Good,false
,getVerticalAlignment(),Good,false
,getVisible(),Poor,false
,getWidth(),Good,false
,setFormula(formula),Fine,false
,setHorizontalAlignment(horizontalAlignment),Poor,false
,setLeft(left),Good,false
,setOverlay(overlay),Poor,false
,setPosition(position),Good,false
,setShowShadow(showShadow),Fine,false
,setText(text),Poor,false
,setTextOrientation(textOrientation),Good,false
,setTop(top),Good,false
,setVerticalAlignment(verticalAlignment),Good,false
,setVisible(visible),Poor,false
ExcelScript.ChartTitleFormat,,Fine,false
,getBorder(),Fine,false
,getFill(),Fine,false
,getFont(),Fine,false
ExcelScript.ChartTitlePosition,,Poor,false
,automatic,Missing,false
,bottom,Missing,false
,left,Missing,false
,right,Missing,false
,top,Missing,false
ExcelScript.ChartTrendline,,Fine,false
,delete(),Poor,false
,getBackwardPeriod(),Fine,false
,getFormat(),Poor,false
,getForwardPeriod(),Fine,false
,getIntercept(),Poor,false
,getLabel(),Poor,false
,getMovingAveragePeriod(),Good,false
,getName(),Good,false
,getPolynomialOrder(),Good,false
,getShowEquation(),Fine,false
,getShowRSquared(),Fine,false
,getType(),Poor,false
,setBackwardPeriod(backwardPeriod),Fine,false
,setForwardPeriod(forwardPeriod),Fine,false
,setIntercept(intercept),Poor,false
,setMovingAveragePeriod(movingAveragePeriod),Good,false
,setName(name),Good,false
,setPolynomialOrder(polynomialOrder),Good,false
,setShowEquation(showEquation),Fine,false
,setShowRSquared(showRSquared),Fine,false
,setType(type),Poor,false
ExcelScript.ChartTrendlineFormat,,Poor,false
,getLine(),Poor,false
ExcelScript.ChartTrendlineLabel,,Fine,false
,getAutoText(),Fine,false
,getFormat(),Poor,false
,getFormula(),Fine,false
,getHeight(),Good,false
,getHorizontalAlignment(),Good,false
,getLeft(),Good,false
,getLinkNumberFormat(),Fine,false
,getNumberFormat(),Fine,false
,getText(),Fine,false
,getTextOrientation(),Good,false
,getTop(),Good,false
,getVerticalAlignment(),Good,false
,getWidth(),Good,false
,setAutoText(autoText),Fine,false
,setFormula(formula),Fine,false
,setHorizontalAlignment(horizontalAlignment),Good,false
,setLeft(left),Good,false
,setLinkNumberFormat(linkNumberFormat),Fine,false
,setNumberFormat(numberFormat),Fine,false
,setText(text),Fine,false
,setTextOrientation(textOrientation),Good,false
,setTop(top),Good,false
,setVerticalAlignment(verticalAlignment),Good,false
ExcelScript.ChartTrendlineLabelFormat,,Poor,false
,getBorder(),Fine,false
,getFill(),Fine,false
,getFont(),Fine,false
ExcelScript.ChartTrendlineType,,Missing,false
,exponential,Missing,false
,linear,Missing,false
,logarithmic,Missing,false
,movingAverage,Missing,false
,polynomial,Missing,false
,power,Missing,false
ExcelScript.ChartType,,Missing,false
,area,Missing,false
,areaStacked,Missing,false
,areaStacked100,Missing,false
,barClustered,Missing,false
,barOfPie,Missing,false
,barStacked,Missing,false
,barStacked100,Missing,false
,boxwhisker,Missing,false
,bubble,Missing,false
,bubble3DEffect,Missing,false
,columnClustered,Missing,false
,columnStacked,Missing,false
,columnStacked100,Missing,false
,coneBarClustered,Missing,false
,coneBarStacked,Missing,false
,coneBarStacked100,Missing,false
,coneCol,Missing,false
,coneColClustered,Missing,false
,coneColStacked,Missing,false
,coneColStacked100,Missing,false
,cylinderBarClustered,Missing,false
,cylinderBarStacked,Missing,false
,cylinderBarStacked100,Missing,false
,cylinderCol,Missing,false
,cylinderColClustered,Missing,false
,cylinderColStacked,Missing,false
,cylinderColStacked100,Missing,false
,doughnut,Missing,false
,doughnutExploded,Missing,false
,funnel,Missing,false
,histogram,Missing,false
,invalid,Missing,false
,line,Missing,false
,lineMarkers,Missing,false
,lineMarkersStacked,Missing,false
,lineMarkersStacked100,Missing,false
,lineStacked,Missing,false
,lineStacked100,Missing,false
,pareto,Missing,false
,pie,Missing,false
,pieExploded,Missing,false
,pieOfPie,Missing,false
,pyramidBarClustered,Missing,false
,pyramidBarStacked,Missing,false
,pyramidBarStacked100,Missing,false
,pyramidCol,Missing,false
,pyramidColClustered,Missing,false
,pyramidColStacked,Missing,false
,pyramidColStacked100,Missing,false
,radar,Missing,false
,radarFilled,Missing,false
,radarMarkers,Missing,false
,regionMap,Missing,false
,stockHLC,Missing,false
,stockOHLC,Missing,false
,stockVHLC,Missing,false
,stockVOHLC,Missing,false
,sunburst,Missing,false
,surface,Missing,false
,surfaceTopView,Missing,false
,surfaceTopViewWireframe,Missing,false
,surfaceWireframe,Missing,false
,treemap,Missing,false
,waterfall,Missing,false
,xyscatter,Missing,false
,xyscatterLines,Missing,false
,xyscatterLinesNoMarkers,Missing,false
,xyscatterSmooth,Missing,false
,xyscatterSmoothNoMarkers,Missing,false
ExcelScript.ChartUnderlineStyle,,Missing,false
,none,Missing,false
,single,Missing,false
ExcelScript.ClearApplyTo,,Missing,false
,all,Missing,false
,contents,Poor,false
,formats,Poor,false
,hyperlinks,Fine,false
,removeHyperlinks,Fine,false
ExcelScript.ColorScaleConditionalFormat,,Poor,false
,getCriteria(),Good,false
,getThreeColorScale(),Fine,false
,setCriteria(criteria),Good,false
ExcelScript.Comment,,Poor,false
,addCommentReply(content,Poor,false
,delete(),Poor,false
,getAuthorEmail(),Poor,false
,getAuthorName(),Poor,false
,getCommentReply(commentReplyId),Poor,false
,getContent(),Poor,false
,getContentType(),Poor,false
,getCreationDate(),Good,false
,getId(),Poor,false
,getLocation(),Poor,false
,getMentions(),Fine,false
,getReplies(),Fine,false
,getResolved(),Good,false
,getRichContent(),Good,false
,setContent(content),Poor,false
,setResolved(resolved),Good,false
,updateMentions(contentWithMentions),Fine,false
ExcelScript.CommentMention,,Poor,false
,email,Fine,false
,id,Good,false
,name,Fine,false
ExcelScript.CommentReply,,Poor,false
,delete(),Poor,false
,getAuthorEmail(),Poor,false
,getAuthorName(),Poor,false
,getContent(),Poor,false
,getContentType(),Poor,false
,getCreationDate(),Poor,false
,getId(),Poor,false
,getLocation(),Poor,false
,getMentions(),Poor,false
,getParentComment(),Poor,false
,getResolved(),Good,false
,getRichContent(),Good,false
,setContent(content),Poor,false
,updateMentions(contentWithMentions),Fine,false
ExcelScript.CommentRichContent,,Good,false
,mentions,Fine,false
,richContent,Fine,true
ExcelScript.ConditionalCellValueOperator,,Poor,false
,between,Missing,false
,equalTo,Missing,false
,greaterThan,Missing,false
,greaterThanOrEqual,Missing,false
,invalid,Missing,false
,lessThan,Missing,false
,lessThanOrEqual,Missing,false
,notBetween,Missing,false
,notEqualTo,Missing,false
ExcelScript.ConditionalCellValueRule,,Poor,false
,formula1,Fine,false
,formula2,Fine,false
,operator,Poor,false
ExcelScript.ConditionalColorScaleCriteria,,Poor,false
,maximum,Poor,false
,midpoint,Fine,false
,minimum,Poor,false
ExcelScript.ConditionalColorScaleCriterion,,Fine,false
,color,Fine,false
,formula,Fine,false
,type,Poor,false
ExcelScript.ConditionalDataBarAxisFormat,,Poor,false
,automatic,Missing,false
,cellMidPoint,Missing,false
,none,Missing,false
ExcelScript.ConditionalDataBarDirection,,Poor,false
,context,Missing,false
,leftToRight,Missing,false
,rightToLeft,Missing,false
ExcelScript.ConditionalDataBarNegativeFormat,,Fine,false
,getBorderColor(),Good,false
,getFillColor(),Fine,false
,getMatchPositiveBorderColor(),Fine,false
,getMatchPositiveFillColor(),Fine,false
,setBorderColor(borderColor),Good,false
,setFillColor(fillColor),Fine,false
,setMatchPositiveBorderColor(matchPositiveBorderColor),Fine,false
,setMatchPositiveFillColor(matchPositiveFillColor),Fine,false
ExcelScript.ConditionalDataBarPositiveFormat,,Fine,false
,getBorderColor(),Good,false
,getFillColor(),Fine,false
,getGradientFill(),Poor,false
,setBorderColor(borderColor),Good,false
,setFillColor(fillColor),Fine,false
,setGradientFill(gradientFill),Poor,false
ExcelScript.ConditionalDataBarRule,,Poor,false
,formula,Fine,false
,type,Poor,false
ExcelScript.ConditionalFormat,,Fine,false
,delete(),Poor,false
,getCellValue(),Fine,false
,getColorScale(),Fine,false
,getCustom(),Fine,false
,getDataBar(),Fine,false
,getIconSet(),Fine,false
,getId(),Fine,false
,getPreset(),Good,false
,getPriority(),Good,false
,getRange(),Good,false
,getRanges(),Fine,false
,getStopIfTrue(),Good,false
,getTextComparison(),Good,false
,getTopBottom(),Good,false
,getType(),Good,false
,setPriority(priority),Good,false
,setStopIfTrue(stopIfTrue),Good,false
ExcelScript.ConditionalFormatColorCriterionType,,Poor,false
,formula,Missing,false
,highestValue,Missing,false
,invalid,Missing,false
,lowestValue,Missing,false
,number,Missing,false
,percent,Missing,false
,percentile,Missing,false
ExcelScript.ConditionalFormatDirection,,Poor,false
,bottom,Missing,false
,top,Missing,false
ExcelScript.ConditionalFormatIconRuleType,,Poor,false
,formula,Missing,false
,invalid,Missing,false
,number,Missing,false
,percent,Missing,false
,percentile,Missing,false
ExcelScript.ConditionalFormatPresetCriterion,,Fine,false
,aboveAverage,Missing,false
,belowAverage,Missing,false
,blanks,Missing,false
,duplicateValues,Missing,false
,equalOrAboveAverage,Missing,false
,equalOrBelowAverage,Missing,false
,errors,Missing,false
,invalid,Missing,false
,lastMonth,Missing,false
,lastSevenDays,Missing,false
,lastWeek,Missing,false
,nextMonth,Missing,false
,nextWeek,Missing,false
,nonBlanks,Missing,false
,nonErrors,Missing,false
,oneStdDevAboveAverage,Missing,false
,oneStdDevBelowAverage,Missing,false
,thisMonth,Missing,false
,thisWeek,Missing,false
,threeStdDevAboveAverage,Missing,false
,threeStdDevBelowAverage,Missing,false
,today,Missing,false
,tomorrow,Missing,false
,twoStdDevAboveAverage,Missing,false
,twoStdDevBelowAverage,Missing,false
,uniqueValues,Missing,false
,yesterday,Missing,false
ExcelScript.ConditionalFormatRule,,Poor,false
,getFormula(),Fine,false
,getFormulaLocal(),Fine,false
,setFormula(formula),Fine,false
,setFormulaLocal(formulaLocal),Fine,false
ExcelScript.ConditionalFormatRuleType,,Poor,false
,automatic,Missing,false
,formula,Missing,false
,highestValue,Missing,false
,invalid,Missing,false
,lowestValue,Missing,false
,number,Missing,false
,percent,Missing,false
,percentile,Missing,false
ExcelScript.ConditionalFormatType,,Missing,false
,cellValue,Missing,false
,colorScale,Missing,false
,containsText,Missing,false
,custom,Missing,false
,dataBar,Missing,false
,iconSet,Missing,false
,presetCriteria,Missing,false
,topBottom,Missing,false
ExcelScript.ConditionalIconCriterion,,Fine,false
,customIcon,Fine,false
,formula,Poor,false
,operator,Fine,false
,type,Poor,false
ExcelScript.ConditionalIconCriterionOperator,,Poor,false
,greaterThan,Missing,false
,greaterThanOrEqual,Missing,false
,invalid,Missing,false
ExcelScript.ConditionalPresetCriteriaRule,,Poor,false
,criterion,Poor,false
ExcelScript.ConditionalRangeBorder,,Poor,false
,getColor(),Fine,false
,getSideIndex(),Good,false
,getStyle(),Good,false
,setColor(color),Fine,false
,setStyle(style),Good,false
ExcelScript.ConditionalRangeBorderIndex,,Missing,false
,edgeBottom,Missing,false
,edgeLeft,Missing,false
,edgeRight,Missing,false
,edgeTop,Missing,false
ExcelScript.ConditionalRangeBorderLineStyle,,Missing,false
,continuous,Missing,false
,dash,Missing,false
,dashDot,Missing,false
,dashDotDot,Missing,false
,dot,Missing,false
,none,Missing,false
ExcelScript.ConditionalRangeFill,,Poor,false
,clear(),Poor,false
,getColor(),Fine,false
,setColor(color),Fine,false
ExcelScript.ConditionalRangeFont,,Fine,false
,clear(),Poor,false
,getBold(),Poor,false
,getColor(),Fine,false
,getItalic(),Poor,false
,getStrikethrough(),Poor,false
,getUnderline(),Good,false
,setBold(bold),Poor,false
,setColor(color),Fine,false
,setItalic(italic),Poor,false
,setStrikethrough(strikethrough),Poor,false
,setUnderline(underline),Good,false
ExcelScript.ConditionalRangeFontUnderlineStyle,,Missing,false
,double,Missing,false
,none,Missing,false
,single,Missing,false
ExcelScript.ConditionalRangeFormat,,Fine,false
,getBorders(),Fine,false
,getConditionalRangeBorder(index),Poor,false
,getConditionalRangeBorderBottom(),Poor,false
,getConditionalRangeBorderLeft(),Poor,false
,getConditionalRangeBorderRight(),Poor,false
,getConditionalRangeBorderTop(),Poor,false
,getFill(),Fine,false
,getFont(),Fine,false
,getNumberFormat(),Good,false
,setNumberFormat(numberFormat),Good,false
ExcelScript.ConditionalTextComparisonRule,,Poor,false
,operator,Poor,false
,text,Poor,false
ExcelScript.ConditionalTextOperator,,Poor,false
,beginsWith,Missing,false
,contains,Missing,false
,endsWith,Missing,false
,invalid,Missing,false
,notContains,Missing,false
ExcelScript.ConditionalTopBottomCriterionType,,Fine,false
,bottomItems,Missing,false
,bottomPercent,Missing,false
,invalid,Missing,false
,topItems,Missing,false
,topPercent,Missing,false
ExcelScript.ConditionalTopBottomRule,,Poor,false
,rank,Fine,false
,type,Poor,false
ExcelScript.ConnectorType,,Missing,false
,curve,Missing,false
,elbow,Missing,false
,straight,Missing,false
ExcelScript.ContentType,,Missing,false
,mention,Poor,false
,plain,Poor,false
ExcelScript.CultureInfo,,Good,false
,getDatetimeFormat(),Good,false
,getName(),Good,false
,getNumberFormat(),Good,false
ExcelScript.CustomConditionalFormat,,Poor,false
,getFormat(),Fine,false
,getRule(),Poor,false
ExcelScript.CustomDataValidation,,Poor,false
,formula,Good,false
ExcelScript.CustomProperty,,Poor,false
,delete(),Poor,false
,getKey(),Good,false
,getType(),Fine,false
,getValue(),Good,false
,setValue(value),Good,false
ExcelScript.CustomXmlPart,,Poor,false
,delete(),Poor,false
,getId(),Poor,false
,getNamespaceUri(),Poor,false
,getXml(),Poor,false
,setXml(xml),Poor,false
ExcelScript.DataBarConditionalFormat,,Poor,false
,getAxisColor(),Good,false
,getAxisFormat(),Fine,false
,getBarDirection(),Fine,false
,getLowerBoundRule(),Good,false
,getNegativeFormat(),Fine,false
,getPositiveFormat(),Fine,false
,getShowDataBarOnly(),Fine,false
,getUpperBoundRule(),Good,false
,setAxisColor(axisColor),Good,false
,setAxisFormat(axisFormat),Fine,false
,setBarDirection(barDirection),Fine,false
,setLowerBoundRule(lowerBoundRule),Good,false
,setShowDataBarOnly(showDataBarOnly),Fine,false
,setUpperBoundRule(upperBoundRule),Good,false
ExcelScript.DataPivotHierarchy,,Poor,false
,getField(),Poor,false
,getId(),Poor,false
,getName(),Poor,false
,getNumberFormat(),Poor,false
,getPosition(),Poor,false
,getShowAs(),Fine,false
,getSummarizeBy(),Poor,false
,setName(name),Poor,false
,setNumberFormat(numberFormat),Poor,false
,setPosition(position),Poor,false
,setShowAs(showAs),Fine,false
,setSummarizeBy(summarizeBy),Poor,false
,setToDefault(),Poor,false
ExcelScript.DataValidation,,Poor,false
,clear(),Poor,false
,getErrorAlert(),Poor,false
,getIgnoreBlanks(),Good,false
,getInvalidCells(),Good,false
,getPrompt(),Poor,false
,getRule(),Fine,false
,getType(),Poor,false
,getValid(),Good,false
,setErrorAlert(errorAlert),Poor,false
,setIgnoreBlanks(ignoreBlanks),Good,false
,setPrompt(prompt),Poor,false
,setRule(rule),Fine,false
ExcelScript.DataValidationAlertStyle,,Good,false
,information,Missing,false
,stop,Missing,false
,warning,Missing,false
ExcelScript.DataValidationErrorAlert,,Poor,false
,message,Poor,false
,showAlert,Good,false
,style,Fine,false
,title,Poor,false
ExcelScript.DataValidationOperator,,Poor,false
,between,Missing,false
,equalTo,Missing,false
,greaterThan,Missing,false
,greaterThanOrEqualTo,Missing,false
,lessThan,Missing,false
,lessThanOrEqualTo,Missing,false
,notBetween,Missing,false
,notEqualTo,Missing,false
ExcelScript.DataValidationPrompt,,Poor,false
,message,Poor,false
,showPrompt,Fine,false
,title,Poor,false
ExcelScript.DataValidationRule,,Good,false
,custom,Poor,false
,date,Poor,false
,decimal,Poor,false
,list,Poor,false
,textLength,Poor,false
,time,Poor,false
,wholeNumber,Poor,false
ExcelScript.DataValidationType,,Poor,false
,custom,Poor,false
,date,Poor,false
,decimal,Poor,false
,inconsistent,Fine,false
,list,Poor,false
,mixedCriteria,Fine,false
,none,Fine,false
,textLength,Poor,false
,time,Poor,false
,wholeNumber,Poor,false
ExcelScript.DateFilterCondition,,Good,false
,after,Good,false
,afterOrEqualTo,Good,false
,allDatesInPeriodApril,Poor,false
,allDatesInPeriodAugust,Poor,false
,allDatesInPeriodDecember,Poor,false
,allDatesInPeriodFebruary,Poor,false
,allDatesInPeriodJanuary,Poor,false
,allDatesInPeriodJuly,Poor,false
,allDatesInPeriodJune,Poor,false
,allDatesInPeriodMarch,Poor,false
,allDatesInPeriodMay,Poor,false
,allDatesInPeriodNovember,Poor,false
,allDatesInPeriodOctober,Poor,false
,allDatesInPeriodQuarter1,Poor,false
,allDatesInPeriodQuarter2,Poor,false
,allDatesInPeriodQuarter3,Poor,false
,allDatesInPeriodQuarter4,Poor,false
,allDatesInPeriodSeptember,Poor,false
,before,Good,false
,beforeOrEqualTo,Good,false
,between,Good,false
,equals,Good,false
,lastMonth,Poor,false
,lastQuarter,Poor,false
,lastWeek,Poor,false
,lastYear,Poor,false
,nextMonth,Poor,false
,nextQuarter,Poor,false
,nextWeek,Poor,false
,nextYear,Poor,false
,thisMonth,Poor,false
,thisQuarter,Poor,false
,thisWeek,Poor,false
,thisYear,Poor,false
,today,Poor,false
,tomorrow,Poor,false
,unknown,Poor,false
,yearToDate,Poor,false
,yesterday,Poor,false
ExcelScript.DateTimeDataValidation,,Poor,false
,formula1,Good,false
,formula2,Good,false
,operator,Poor,false
ExcelScript.DatetimeFormatInfo,,Good,false
,getDateSeparator(),Good,false
,getLongDatePattern(),Good,false
,getLongTimePattern(),Good,false
,getShortDatePattern(),Good,false
,getTimeSeparator(),Good,false
ExcelScript.DeleteShiftDirection,,Missing,false
,left,Missing,false
,up,Missing,false
ExcelScript.DocumentProperties,,Poor,false
,addCustomProperty(key,Poor,false
,deleteAllCustomProperties(),Poor,false
,getAuthor(),Poor,false
,getCategory(),Poor,false
,getComments(),Poor,false
,getCompany(),Poor,false
,getCreationDate(),Poor,false
,getCustom(),Good,false
,getCustomProperty(key),Good,false
,getKeywords(),Poor,false
,getLastAuthor(),Poor,false
,getManager(),Poor,false
,getRevisionNumber(),Poor,false
,getSubject(),Poor,false
,getTitle(),Poor,false
,setAuthor(author),Poor,false
,setCategory(category),Poor,false
,setComments(comments),Poor,false
,setCompany(company),Poor,false
,setKeywords(keywords),Poor,false
,setManager(manager),Poor,false
,setRevisionNumber(revisionNumber),Poor,false
,setSubject(subject),Poor,false
,setTitle(title),Poor,false
ExcelScript.DocumentPropertyType,,Missing,false
,boolean,Missing,false
,date,Missing,false
,float,Missing,false
,number,Missing,false
,string,Missing,false
ExcelScript.DynamicFilterCriteria,,Missing,false
,aboveAverage,Missing,false
,allDatesInPeriodApril,Missing,false
,allDatesInPeriodAugust,Missing,false
,allDatesInPeriodDecember,Missing,false
,allDatesInPeriodFebruary,Missing,false
,allDatesInPeriodJanuary,Missing,false
,allDatesInPeriodJuly,Missing,false
,allDatesInPeriodJune,Missing,false
,allDatesInPeriodMarch,Missing,false
,allDatesInPeriodMay,Missing,false
,allDatesInPeriodNovember,Missing,false
,allDatesInPeriodOctober,Missing,false
,allDatesInPeriodQuarter1,Missing,false
,allDatesInPeriodQuarter2,Missing,false
,allDatesInPeriodQuarter3,Missing,false
,allDatesInPeriodQuarter4,Missing,false
,allDatesInPeriodSeptember,Missing,false
,belowAverage,Missing,false
,lastMonth,Missing,false
,lastQuarter,Missing,false
,lastWeek,Missing,false
,lastYear,Missing,false
,nextMonth,Missing,false
,nextQuarter,Missing,false
,nextWeek,Missing,false
,nextYear,Missing,false
,thisMonth,Missing,false
,thisQuarter,Missing,false
,thisWeek,Missing,false
,thisYear,Missing,false
,today,Missing,false
,tomorrow,Missing,false
,unknown,Missing,false
,yearToDate,Missing,false
,yesterday,Missing,false
ExcelScript.FillPattern,,Missing,false
,checker,Missing,false
,crissCross,Missing,false
,down,Missing,false
,gray16,Missing,false
,gray25,Missing,false
,gray50,Missing,false
,gray75,Missing,false
,gray8,Missing,false
,grid,Missing,false
,horizontal,Missing,false
,lightDown,Missing,false
,lightHorizontal,Missing,false
,lightUp,Missing,false
,lightVertical,Missing,false
,linearGradient,Missing,false
,none,Missing,false
,rectangularGradient,Missing,false
,semiGray75,Missing,false
,solid,Missing,false
,up,Missing,false
,vertical,Missing,false
ExcelScript.Filter,,Poor,false
,apply(criteria),Poor,false
,applyBottomItemsFilter(count),Fine,false
,applyBottomPercentFilter(percent),Fine,false
,applyCellColorFilter(color),Fine,false
,applyCustomFilter(criteria1,Fine,false
,applyDynamicFilter(criteria),Poor,false
,applyFontColorFilter(color),Fine,false
,applyIconFilter(icon),Fine,false
,applyTopItemsFilter(count),Fine,false
,applyTopPercentFilter(percent),Fine,false
,applyValuesFilter(values),Fine,false
,clear(),Poor,false
,getCriteria(),Poor,false
ExcelScript.FilterCriteria,,Poor,false
,color,Good,false
,criterion1,Good,false
,criterion2,Good,false
,dynamicCriteria,Good,false
,filterOn,Fine,false
,icon,Good,false
,operator,Fine,false
,subField,Fine,false
,values,Fine,false
ExcelScript.FilterDatetime,,Fine,false
,date,Poor,false
,specificity,Good,false
ExcelScript.FilterDatetimeSpecificity,,Missing,false
,day,Missing,false
,hour,Missing,false
,minute,Missing,false
,month,Missing,false
,second,Missing,false
,year,Missing,false
ExcelScript.FilterOn,,Missing,false
,bottomItems,Missing,false
,bottomPercent,Missing,false
,cellColor,Missing,false
,custom,Missing,false
,dynamic,Missing,false
,fontColor,Missing,false
,icon,Missing,false
,topItems,Missing,false
,topPercent,Missing,false
,values,Missing,false
ExcelScript.FilterOperator,,Missing,false
,and,Missing,false
,or,Missing,false
ExcelScript.FilterPivotHierarchy,,Poor,false
,getEnableMultipleFilterItems(),Poor,false
,getFields(),Poor,false
,getId(),Poor,false
,getName(),Poor,false
,getPivotField(name),Good,false
,getPosition(),Poor,false
,setEnableMultipleFilterItems(enableMultipleFilterItems),Poor,false
,setName(name),Poor,false
,setPosition(position),Poor,false
,setToDefault(),Poor,false
ExcelScript.FormatProtection,,Poor,false
,getFormulaHidden(),Good,false
,getLocked(),Good,false
,setFormulaHidden(formulaHidden),Good,false
,setLocked(locked),Good,false
ExcelScript.GeometricShape,,Good,false
,getId(),Poor,false
ExcelScript.GeometricShapeType,,Poor,false
,accentBorderCallout1,Missing,false
,accentBorderCallout2,Missing,false
,accentBorderCallout3,Missing,false
,accentCallout1,Missing,false
,accentCallout2,Missing,false
,accentCallout3,Missing,false
,actionButtonBackPrevious,Missing,false
,actionButtonBeginning,Missing,false
,actionButtonBlank,Missing,false
,actionButtonDocument,Missing,false
,actionButtonEnd,Missing,false
,actionButtonForwardNext,Missing,false
,actionButtonHelp,Missing,false
,actionButtonHome,Missing,false
,actionButtonInformation,Missing,false
,actionButtonMovie,Missing,false
,actionButtonReturn,Missing,false
,actionButtonSound,Missing,false
,arc,Missing,false
,bentArrow,Missing,false
,bentUpArrow,Missing,false
,bevel,Missing,false
,blockArc,Missing,false
,borderCallout1,Missing,false
,borderCallout2,Missing,false
,borderCallout3,Missing,false
,bracePair,Missing,false
,bracketPair,Missing,false
,callout1,Missing,false
,callout2,Missing,false
,callout3,Missing,false
,can,Missing,false
,chartPlus,Missing,false
,chartStar,Missing,false
,chartX,Missing,false
,chevron,Missing,false
,chord,Missing,false
,circularArrow,Missing,false
,cloud,Missing,false
,cloudCallout,Missing,false
,corner,Missing,false
,cornerTabs,Missing,false
,cube,Missing,false
,curvedDownArrow,Missing,false
,curvedLeftArrow,Missing,false
,curvedRightArrow,Missing,false
,curvedUpArrow,Missing,false
,decagon,Missing,false
,diagonalStripe,Missing,false
,diamond,Missing,false
,dodecagon,Missing,false
,donut,Missing,false
,doubleWave,Missing,false
,downArrow,Missing,false
,downArrowCallout,Missing,false
,ellipse,Missing,false
,ellipseRibbon,Missing,false
,ellipseRibbon2,Missing,false
,flowChartAlternateProcess,Missing,false
,flowChartCollate,Missing,false
,flowChartConnector,Missing,false
,flowChartDecision,Missing,false
,flowChartDelay,Missing,false
,flowChartDisplay,Missing,false
,flowChartDocument,Missing,false
,flowChartExtract,Missing,false
,flowChartInputOutput,Missing,false
,flowChartInternalStorage,Missing,false
,flowChartMagneticDisk,Missing,false
,flowChartMagneticDrum,Missing,false
,flowChartMagneticTape,Missing,false
,flowChartManualInput,Missing,false
,flowChartManualOperation,Missing,false
,flowChartMerge,Missing,false
,flowChartMultidocument,Missing,false
,flowChartOfflineStorage,Missing,false
,flowChartOffpageConnector,Missing,false
,flowChartOnlineStorage,Missing,false
,flowChartOr,Missing,false
,flowChartPredefinedProcess,Missing,false
,flowChartPreparation,Missing,false
,flowChartProcess,Missing,false
,flowChartPunchedCard,Missing,false
,flowChartPunchedTape,Missing,false
,flowChartSort,Missing,false
,flowChartSummingJunction,Missing,false
,flowChartTerminator,Missing,false
,foldedCorner,Missing,false
,frame,Missing,false
,funnel,Missing,false
,gear6,Missing,false
,gear9,Missing,false
,halfFrame,Missing,false
,heart,Missing,false
,heptagon,Missing,false
,hexagon,Missing,false
,homePlate,Missing,false
,horizontalScroll,Missing,false
,irregularSeal1,Missing,false
,irregularSeal2,Missing,false
,leftArrow,Missing,false
,leftArrowCallout,Missing,false
,leftBrace,Missing,false
,leftBracket,Missing,false
,leftCircularArrow,Missing,false
,leftRightArrow,Missing,false
,leftRightArrowCallout,Missing,false
,leftRightCircularArrow,Missing,false
,leftRightRibbon,Missing,false
,leftRightUpArrow,Missing,false
,leftUpArrow,Missing,false
,lightningBolt,Missing,false
,lineInverse,Missing,false
,mathDivide,Missing,false
,mathEqual,Missing,false
,mathMinus,Missing,false
,mathMultiply,Missing,false
,mathNotEqual,Missing,false
,mathPlus,Missing,false
,moon,Missing,false
,nonIsoscelesTrapezoid,Missing,false
,noSmoking,Missing,false
,notchedRightArrow,Missing,false
,octagon,Missing,false
,parallelogram,Missing,false
,pentagon,Missing,false
,pie,Missing,false
,pieWedge,Missing,false
,plaque,Missing,false
,plaqueTabs,Missing,false
,plus,Missing,false
,quadArrow,Missing,false
,quadArrowCallout,Missing,false
,rectangle,Missing,false
,ribbon,Missing,false
,ribbon2,Missing,false
,rightArrow,Missing,false
,rightArrowCallout,Missing,false
,rightBrace,Missing,false
,rightBracket,Missing,false
,rightTriangle,Missing,false
,round1Rectangle,Missing,false
,round2DiagonalRectangle,Missing,false
,round2SameRectangle,Missing,false
,roundRectangle,Missing,false
,smileyFace,Missing,false
,snip1Rectangle,Missing,false
,snip2DiagonalRectangle,Missing,false
,snip2SameRectangle,Missing,false
,snipRoundRectangle,Missing,false
,squareTabs,Missing,false
,star10,Missing,false
,star12,Missing,false
,star16,Missing,false
,star24,Missing,false
,star32,Missing,false
,star4,Missing,false
,star5,Missing,false
,star6,Missing,false
,star7,Missing,false
,star8,Missing,false
,stripedRightArrow,Missing,false
,sun,Missing,false
,swooshArrow,Missing,false
,teardrop,Missing,false
,trapezoid,Missing,false
,triangle,Missing,false
,upArrow,Missing,false
,upArrowCallout,Missing,false
,upDownArrow,Missing,false
,upDownArrowCallout,Missing,false
,uturnArrow,Missing,false
,verticalScroll,Missing,false
,wave,Missing,false
,wedgeEllipseCallout,Missing,false
,wedgeRectCallout,Missing,false
,wedgeRRectCallout,Missing,false
ExcelScript.GroupOption,,Missing,false
,byColumns,Poor,false
,byRows,Poor,false
ExcelScript.HeaderFooter,,Missing,false
,getCenterFooter(),Good,false
,getCenterHeader(),Good,false
,getLeftFooter(),Good,false
,getLeftHeader(),Good,false
,getRightFooter(),Good,false
,getRightHeader(),Good,false
,setCenterFooter(centerFooter),Good,false
,setCenterHeader(centerHeader),Good,false
,setLeftFooter(leftFooter),Good,false
,setLeftHeader(leftHeader),Good,false
,setRightFooter(rightFooter),Good,false
,setRightHeader(rightHeader),Good,false
ExcelScript.HeaderFooterGroup,,Missing,false
,getDefaultForAllPages(),Fine,false
,getEvenPages(),Fine,false
,getFirstPage(),Fine,false
,getOddPages(),Fine,false
,getState(),Good,false
,getUseSheetMargins(),Fine,false
,getUseSheetScale(),Fine,false
,setState(state),Good,false
,setUseSheetMargins(useSheetMargins),Fine,false
,setUseSheetScale(useSheetScale),Fine,false
ExcelScript.HeaderFooterState,,Missing,false
,default,Fine,false
,firstAndDefault,Fine,false
,firstOddAndEven,Fine,false
,oddAndEven,Fine,false
ExcelScript.HorizontalAlignment,,Missing,false
,center,Missing,false
,centerAcrossSelection,Missing,false
,distributed,Missing,false
,fill,Missing,false
,general,Missing,false
,justify,Missing,false
,left,Missing,false
,right,Missing,false
ExcelScript.Icon,,Poor,false
,index,Fine,false
,set,Poor,false
ExcelScript.IconSet,,Missing,false
,fiveArrows,Missing,false
,fiveArrowsGray,Missing,false
,fiveBoxes,Missing,false
,fiveQuarters,Missing,false
,fiveRating,Missing,false
,fourArrows,Missing,false
,fourArrowsGray,Missing,false
,fourRating,Missing,false
,fourRedToBlack,Missing,false
,fourTrafficLights,Missing,false
,invalid,Missing,false
,threeArrows,Missing,false
,threeArrowsGray,Missing,false
,threeFlags,Missing,false
,threeSigns,Missing,false
,threeStars,Missing,false
,threeSymbols,Missing,false
,threeSymbols2,Missing,false
,threeTrafficLights1,Missing,false
,threeTrafficLights2,Missing,false
,threeTriangles,Missing,false
ExcelScript.IconSetConditionalFormat,,Poor,false
,getCriteria(),Good,false
,getReverseIconOrder(),Good,false
,getShowIconOnly(),Fine,false
,getStyle(),Fine,false
,setCriteria(criteria),Good,false
,setReverseIconOrder(reverseIconOrder),Good,false
,setShowIconOnly(showIconOnly),Fine,false
,setStyle(style),Fine,false
ExcelScript.Image,,Good,false
,getFormat(),Poor,false
,getId(),Poor,false
,getShape(),Poor,false
ExcelScript.ImageFittingMode,,Missing,false
,fill,Missing,false
,fit,Missing,false
,fitAndCenter,Missing,false
ExcelScript.InsertShiftDirection,,Missing,false
,down,Missing,false
,right,Missing,false
ExcelScript.IterativeCalculation,,Poor,false
,getEnabled(),Fine,false
,getMaxChange(),Fine,false
,getMaxIteration(),Fine,false
,setEnabled(enabled),Fine,false
,setMaxChange(maxChange),Fine,false
,setMaxIteration(maxIteration),Fine,false
ExcelScript.LabelFilterCondition,,Good,false
,beginsWith,Good,false
,between,Good,false
,contains,Good,false
,endsWith,Good,false
,equals,Good,false
,greaterThan,Poor,false
,greaterThanOrEqualTo,Fine,false
,lessThan,Poor,false
,lessThanOrEqualTo,Fine,false
,unknown,Poor,false
ExcelScript.Line,,Good,false
,connectBeginShape(shape,Fine,false
,connectEndShape(shape,Fine,false
,disconnectBeginShape(),Fine,false
,disconnectEndShape(),Fine,false
,getBeginArrowheadLength(),Fine,false
,getBeginArrowheadStyle(),Fine,false
,getBeginArrowheadWidth(),Fine,false
,getBeginConnectedShape(),Fine,false
,getBeginConnectedSite(),Good,false
,getConnectorType(),Poor,false
,getEndArrowheadLength(),Fine,false
,getEndArrowheadStyle(),Fine,false
,getEndArrowheadWidth(),Fine,false
,getEndConnectedShape(),Fine,false
,getEndConnectedSite(),Good,false
,getId(),Poor,false
,getIsBeginConnected(),Fine,false
,getIsEndConnected(),Fine,false
,getShape(),Poor,false
,setBeginArrowheadLength(beginArrowheadLength),Fine,false
,setBeginArrowheadStyle(beginArrowheadStyle),Fine,false
,setBeginArrowheadWidth(beginArrowheadWidth),Fine,false
,setConnectorType(connectorType),Poor,false
,setEndArrowheadLength(endArrowheadLength),Fine,false
,setEndArrowheadStyle(endArrowheadStyle),Fine,false
,setEndArrowheadWidth(endArrowheadWidth),Fine,false
ExcelScript.LinkedDataTypeState,,Missing,false
,brokenLinkedData,Missing,false
,disambiguationNeeded,Missing,false
,fetchingData,Missing,false
,none,Missing,false
,validLinkedData,Missing,false
ExcelScript.ListDataValidation,,Poor,false
,inCellDropDown,Good,false
,source,Fine,false
ExcelScript.NamedItem,,Good,false
,delete(),Poor,false
,getArrayValues(),Fine,false
,getComment(),Poor,false
,getFormula(),Good,false
,getName(),Poor,false
,getRange(),Good,false
,getScope(),Good,false
,getType(),Good,false
,getValue(),Good,false
,getVisible(),Poor,false
,getWorksheet(),Good,false
,setComment(comment),Poor,false
,setFormula(formula),Good,false
,setVisible(visible),Poor,false
ExcelScript.NamedItemArrayValues,,Fine,false
,getTypes(),Fine,false
,getValues(),Fine,false
ExcelScript.NamedItemScope,,Missing,false
,workbook,Missing,false
,worksheet,Missing,false
ExcelScript.NamedItemType,,Missing,false
,array,Missing,false
,boolean,Missing,false
,double,Missing,false
,error,Missing,false
,integer,Missing,false
,range,Missing,false
,string,Missing,false
ExcelScript.NumberFormatCategory,,Poor,false
,accounting,Fine,false
,currency,Good,false
,custom,Fine,false
,date,Good,false
,fraction,Fine,false
,general,Poor,false
,number,Good,false
,percentage,Fine,false
,scientific,Fine,false
,special,Fine,false
,text,Good,false
,time,Good,false
ExcelScript.NumberFormatInfo,,Good,false
,getNumberDecimalSeparator(),Good,false
,getNumberGroupSeparator(),Good,false
ExcelScript.PageBreak,,Missing,false
,delete(),Poor,false
,getCellAfterBreak(),Poor,false
,getColumnIndex(),Poor,false
ExcelScript.PageLayout,,Good,false
,getBlackAndWhite(),Poor,false
,getBottomMargin(),Fine,false
,getCenterHorizontally(),Good,false
,getCenterVertically(),Good,false
,getDraftMode(),Good,false
,getFirstPageNumber(),Good,false
,getFooterMargin(),Fine,false
,getHeaderMargin(),Fine,false
,getHeadersFooters(),Poor,false
,getLeftMargin(),Fine,false
,getOrientation(),Poor,false
,getPaperSize(),Poor,false
,getPrintArea(),Good,false
,getPrintComments(),Fine,false
,getPrintErrors(),Poor,false
,getPrintGridlines(),Poor,false
,getPrintHeadings(),Poor,false
,getPrintOrder(),Good,false
,getPrintTitleColumns(),Good,false
,getPrintTitleRows(),Good,false
,getRightMargin(),Fine,false
,getTopMargin(),Fine,false
,getZoom(),Good,false
,setBlackAndWhite(blackAndWhite),Poor,false
,setBottomMargin(bottomMargin),Fine,false
,setCenterHorizontally(centerHorizontally),Good,false
,setCenterVertically(centerVertically),Good,false
,setDraftMode(draftMode),Good,false
,setFirstPageNumber(firstPageNumber),Good,false
,setFooterMargin(footerMargin),Fine,false
,setHeaderMargin(headerMargin),Fine,false
,setLeftMargin(leftMargin),Fine,false
,setOrientation(orientation),Poor,false
,setPaperSize(paperSize),Poor,false
,setPrintArea(printArea),Poor,false
,setPrintComments(printComments),Fine,false
,setPrintErrors(printErrors),Poor,false
,setPrintGridlines(printGridlines),Poor,false
,setPrintHeadings(printHeadings),Poor,false
,setPrintMargins(unit,Poor,false
,setPrintOrder(printOrder),Good,false
,setPrintTitleColumns(printTitleColumns),Fine,false
,setPrintTitleRows(printTitleRows),Fine,false
,setRightMargin(rightMargin),Fine,false
,setTopMargin(topMargin),Fine,false
,setZoom(zoom),Good,false
ExcelScript.PageLayoutMarginOptions,,Poor,false
,bottom,Fine,false
,footer,Fine,false
,header,Fine,false
,left,Fine,false
,right,Fine,false
,top,Fine,false
ExcelScript.PageLayoutZoomOptions,,Poor,false
,horizontalFitToPages,Good,false
,scale,Good,false
,verticalFitToPages,Good,false
ExcelScript.PageOrientation,,Missing,false
,landscape,Missing,false
,portrait,Missing,false
ExcelScript.PaperType,,Missing,false
,a3,Missing,false
,a4,Missing,false
,a4Small,Missing,false
,a5,Missing,false
,b4,Missing,false
,b5,Missing,false
,csheet,Missing,false
,dsheet,Missing,false
,envelope10,Missing,false
,envelope11,Missing,false
,envelope12,Missing,false
,envelope14,Missing,false
,envelope9,Missing,false
,envelopeB4,Missing,false
,envelopeB5,Missing,false
,envelopeB6,Missing,false
,envelopeC3,Missing,false
,envelopeC4,Missing,false
,envelopeC5,Missing,false
,envelopeC6,Missing,false
,envelopeC65,Missing,false
,envelopeDL,Missing,false
,envelopeItaly,Missing,false
,envelopeMonarch,Missing,false
,envelopePersonal,Missing,false
,esheet,Missing,false
,executive,Missing,false
,fanfoldLegalGerman,Missing,false
,fanfoldStdGerman,Missing,false
,fanfoldUS,Missing,false
,folio,Missing,false
,ledger,Missing,false
,legal,Missing,false
,letter,Missing,false
,letterSmall,Missing,false
,note,Missing,false
,paper10x14,Missing,false
,paper11x17,Missing,false
,quatro,Missing,false
,statement,Missing,false
,tabloid,Missing,false
ExcelScript.PictureFormat,,Poor,false
,bmp,Poor,false
,gif,Poor,false
,jpeg,Poor,false
,png,Poor,false
,svg,Poor,false
,unknown,Missing,false
ExcelScript.PivotAxis,,Poor,false
,column,Poor,false
,data,Poor,false
,filter,Poor,false
,row,Poor,false
,unknown,Poor,false
ExcelScript.PivotDateFilter,,Good,false
,comparator,Good,false
,condition,Fine,false
,exclusive,Good,false
,lowerBound,Fine,false
,upperBound,Fine,false
,wholeDays,Fine,false
ExcelScript.PivotField,,Poor,false
,applyFilter(filter),Good,false
,clearAllFilters(),Good,false
,clearFilter(filterType),Fine,false
,getFilters(),Poor,false
,getId(),Poor,false
,getItems(),Poor,false
,getName(),Poor,false
,getPivotItem(name),Good,false
,getShowAllItems(),Poor,false
,getSubtotals(),Poor,false
,isFiltered(filterType),Fine,false
,setName(name),Poor,false
,setShowAllItems(showAllItems),Poor,false
,setSubtotals(subtotals),Poor,false
,sortByLabels(sortBy),Good,false
,sortByValues(sortBy,Good,false
ExcelScript.PivotFilters,,Fine,false
,dateFilter,Good,false
,labelFilter,Good,false
,manualFilter,Good,false
,valueFilter,Good,false
ExcelScript.PivotFilterTopBottomCriterion,,Poor,false
,bottomItems,Missing,false
,bottomPercent,Missing,false
,bottomSum,Missing,false
,invalid,Missing,false
,topItems,Missing,false
,topPercent,Missing,false
,topSum,Missing,false
ExcelScript.PivotFilterType,,Fine,false
,date,Good,false
,label,Good,false
,manual,Poor,false
,unknown,Poor,false
,value,Fine,false
ExcelScript.PivotHierarchy,,Poor,false
,getFields(),Poor,false
,getId(),Poor,false
,getName(),Poor,false
,getPivotField(name),Good,false
,setName(name),Poor,false
ExcelScript.PivotItem,,Poor,false
,getId(),Poor,false
,getIsExpanded(),Fine,false
,getName(),Poor,false
,getVisible(),Poor,false
,setIsExpanded(isExpanded),Fine,false
,setName(name),Poor,false
,setVisible(visible),Poor,false
ExcelScript.PivotLabelFilter,,Good,false
,condition,Fine,false
,exclusive,Good,false
,lowerBound,Good,false
,substring,Fine,false
,upperBound,Good,false
ExcelScript.PivotLayout,,Poor,false
,getAutoFormat(),Fine,false
,getBodyAndTotalRange(),Poor,true
,getColumnLabelRange(),Poor,false
,getDataHierarchy(cell),Fine,false
,getEnableFieldList(),Fine,false
,getFilterAxisRange(),Poor,false
,getLayoutType(),Good,false
,getPreserveFormatting(),Fine,false
,getRange(),Fine,false
,getRowLabelRange(),Poor,false
,getShowColumnGrandTotals(),Fine,false
,getShowRowGrandTotals(),Fine,false
,getSubtotalLocation(),Good,false
,setAutoFormat(autoFormat),Fine,false
,setAutoSortOnCell(cell,Good,false
,setEnableFieldList(enableFieldList),Fine,false
,setLayoutType(layoutType),Good,false
,setPreserveFormatting(preserveFormatting),Fine,false
,setShowColumnGrandTotals(showColumnGrandTotals),Fine,false
,setShowRowGrandTotals(showRowGrandTotals),Fine,false
,setSubtotalLocation(subtotalLocation),Good,false
ExcelScript.PivotLayoutType,,Missing,false
,compact,Fine,false
,outline,Fine,false
,tabular,Fine,false
ExcelScript.PivotManualFilter,,Good,false
,selectedItems,Good,false
ExcelScript.PivotTable,,Poor,false
,addColumnHierarchy(pivotHierarchy),Good,false
,addDataHierarchy(pivotHierarchy),Poor,false
,addFilterHierarchy(pivotHierarchy),Good,false
,addRowHierarchy(pivotHierarchy),Good,false
,delete(),Poor,false
,getAllowMultipleFiltersPerField(),Fine,false
,getColumnHierarchies(),Poor,false
,getColumnHierarchy(name),Good,false
,getDataHierarchies(),Poor,false
,getDataHierarchy(name),Good,false
,getEnableDataValueEditing(),Fine,false
,getFilterHierarchies(),Poor,false
,getFilterHierarchy(name),Good,false
,getHierarchies(),Poor,false
,getHierarchy(name),Good,false
,getId(),Poor,false
,getLayout(),Fine,false
,getName(),Poor,false
,getRowHierarchies(),Poor,false
,getRowHierarchy(name),Good,false
,getUseCustomSortLists(),Poor,false
,getWorksheet(),Poor,false
,refresh(),Poor,false
,removeColumnHierarchy(rowColumnPivotHierarchy),Poor,false
,removeDataHierarchy(DataPivotHierarchy),Poor,false
,removeFilterHierarchy(filterPivotHierarchy),Poor,false
,removeRowHierarchy(rowColumnPivotHierarchy),Poor,false
,setAllowMultipleFiltersPerField(allowMultipleFiltersPerField),Fine,false
,setEnableDataValueEditing(enableDataValueEditing),Fine,false
,setName(name),Poor,false
,setUseCustomSortLists(useCustomSortLists),Poor,false
ExcelScript.PivotTableStyle,,Fine,false
,delete(),Poor,false
,duplicate(),Fine,false
,getName(),Poor,false
,getReadOnly(),Poor,false
,setName(name),Poor,false
ExcelScript.PivotValueFilter,,Good,false
,comparator,Good,false
,condition,Fine,false
,exclusive,Good,false
,lowerBound,Fine,false
,selectionType,Fine,false
,threshold,Fine,false
,upperBound,Fine,false
,value,Fine,false
ExcelScript.Placement,,Fine,false
,absolute,Poor,false
,oneCell,Poor,false
,twoCell,Poor,false
ExcelScript.PredefinedCellStyle,,Poor,false
,delete(),Poor,false
,getAutoIndent(),Fine,false
,getBorders(),Fine,false
,getBuiltIn(),Poor,false
,getFill(),Poor,false
,getFont(),Fine,false
,getFormulaHidden(),Fine,false
,getHorizontalAlignment(),Good,false
,getIncludeAlignment(),Fine,false
,getIncludeBorder(),Fine,false
,getIncludeFont(),Fine,false
,getIncludeNumber(),Poor,false
,getIncludePatterns(),Fine,false
,getIncludeProtection(),Fine,false
,getIndentLevel(),Fine,false
,getLocked(),Fine,false
,getName(),Poor,false
,getNumberFormat(),Fine,false
,getNumberFormatLocal(),Fine,false
,getRangeBorder(index),Poor,false
,getRangeBorderTintAndShade(),Good,false
,getReadingOrder(),Poor,false
,getShrinkToFit(),Fine,false
,getTextOrientation(),Poor,false
,getVerticalAlignment(),Good,false
,getWrapText(),Poor,false
,setAutoIndent(autoIndent),Fine,false
,setFormulaHidden(formulaHidden),Fine,false
,setHorizontalAlignment(horizontalAlignment),Good,false
,setIncludeAlignment(includeAlignment),Fine,false
,setIncludeBorder(includeBorder),Fine,false
,setIncludeFont(includeFont),Fine,false
,setIncludeNumber(includeNumber),Poor,false
,setIncludePatterns(includePatterns),Fine,false
,setIncludeProtection(includeProtection),Fine,false
,setIndentLevel(indentLevel),Fine,false
,setLocked(locked),Fine,false
,setNumberFormat(numberFormat),Fine,false
,setNumberFormatLocal(numberFormatLocal),Fine,false
,setRangeBorderTintAndShade(rangeBorderTintAndShade),Good,false
,setReadingOrder(readingOrder),Poor,false
,setShrinkToFit(shrinkToFit),Fine,false
,setTextOrientation(textOrientation),Poor,false
,setVerticalAlignment(verticalAlignment),Good,false
,setWrapText(wrapText),Poor,false
ExcelScript.PresetCriteriaConditionalFormat,,Fine,false
,getFormat(),Fine,false
,getRule(),Poor,false
,setRule(rule),Poor,false
ExcelScript.PrintComments,,Missing,false
,endSheet,Fine,false
,inPlace,Fine,false
,noComments,Poor,false
ExcelScript.PrintErrorType,,Missing,false
,asDisplayed,Missing,false
,blank,Missing,false
,dash,Missing,false
,notAvailable,Missing,false
ExcelScript.PrintMarginUnit,,Missing,false
,centimeters,Poor,false
,inches,Poor,false
,points,Good,false
ExcelScript.PrintOrder,,Missing,false
,downThenOver,Fine,false
,overThenDown,Fine,false
ExcelScript.ProtectionSelectionMode,,Missing,false
,none,Poor,false
,normal,Poor,false
,unlocked,Fine,false
ExcelScript.Range,,Fine,false
,addConditionalFormat(type),Fine,true
,autoFill(destinationRange,Good,false
,calculate(),Poor,false
,clear(applyTo),Poor,true
,clearAllConditionalFormats(),Fine,false
,convertDataTypeToText(),Poor,false
,copyFrom(sourceRange,Good,false
,delete(shift),Poor,false
,find(text,Good,false
,flashFill(),Good,false
,getAbsoluteResizedRange(numRows,Fine,false
,getAddress(),Good,false
,getAddressLocal(),Fine,false
,getBoundingRect(anotherRange),Good,false
,getCell(row,Good,false
,getCellCount(),Good,false
,getColumn(column),Poor,false
,getColumnCount(),Poor,true
,getColumnHidden(),Fine,false
,getColumnIndex(),Good,false
,getColumnsAfter(count),Fine,false
,getColumnsBefore(count),Fine,false
,getConditionalFormat(id),Poor,false
,getConditionalFormats(),Poor,false
,getDataValidation(),Poor,true
,getDirectPrecedents(),Fine,false
,getEntireColumn(),Fine,false
,getEntireRow(),Fine,false
,getFormat(),Fine,false
,getFormula(),Good,true
,getFormulaLocal(),Good,false
,getFormulaR1C1(),Good,false
,getFormulas(),Good,false
,getFormulasLocal(),Good,false
,getFormulasR1C1(),Good,false
,getHasSpill(),Good,false
,getHeight(),Fine,false
,getHidden(),Fine,false
,getHyperlink(),Poor,false
,getImage(),Poor,false
,getIntersection(anotherRange),Good,false
,getIsEntireColumn(),Poor,false
,getIsEntireRow(),Poor,false
,getLastCell(),Good,false
,getLastColumn(),Good,false
,getLastRow(),Good,false
,getLeft(),Fine,false
,getLinkedDataTypeState(),Poor,false
,getLinkedDataTypeStates(),Poor,false
,getMergedAreas(),Good,false
,getNumberFormat(),Good,false
,getNumberFormatCategories(),Poor,false
,getNumberFormatCategory(),Fine,false
,getNumberFormatLocal(),Good,false
,getNumberFormats(),Poor,false
,getNumberFormatsLocal(),Good,false
,getOffsetRange(rowOffset,Good,true
,getPivotTables(fullyContained),Fine,false
,getPredefinedCellStyle(),Good,false
,getResizedRange(deltaRows,Fine,true
,getRow(row),Poor,false
,getRowCount(),Poor,true
,getRowHidden(),Fine,false
,getRowIndex(),Good,false
,getRowsAbove(count),Fine,false
,getRowsBelow(count),Fine,false
,getSavedAsArray(),Good,false
,getSort(),Poor,false
,getSpecialCells(cellType,Good,true
,getSpillingToRange(),Good,false
,getSpillParent(),Good,false
,getSurroundingRegion(),Good,false
,getTables(fullyContained),Fine,false
,getText(),Good,false
,getTexts(),Good,false
,getTop(),Fine,false
,getUsedRange(valuesOnly),Good,false
,getValue(),Good,true
,getValues(),Good,false
,getValueType(),Good,false
,getValueTypes(),Poor,false
,getVisibleView(),Poor,false
,getWidth(),Fine,false
,getWorksheet(),Poor,false
,group(groupOption),Poor,false
,hideGroupDetails(groupOption),Poor,false
,insert(shift),Good,false
,merge(across),Fine,false
,moveTo(destinationRange),Good,false
,removeDuplicates(columns,Fine,false
,replaceAll(text,Fine,false
,select(),Poor,false
,setColumnHidden(columnHidden),Fine,false
,setDirty(),Fine,false
,setFormula(formula),Good,true
,setFormulaLocal(formulaLocal),Good,false
,setFormulaR1C1(formulaR1C1),Good,false
,setFormulas(formulas),Good,false
,setFormulasLocal(formulasLocal),Good,false
,setFormulasR1C1(formulasR1C1),Good,false
,setHyperlink(hyperlink),Poor,true
,setNumberFormat(numberFormat),Good,false
,setNumberFormatLocal(numberFormatLocal),Good,false
,setNumberFormats(numberFormats),Poor,false
,setNumberFormatsLocal(numberFormatsLocal),Good,false
,setPredefinedCellStyle(predefinedCellStyle),Good,false
,setRowHidden(rowHidden),Fine,false
,setValue(value),Good,false
,setValues(values),Good,true
,showCard(),Fine,false
,showGroupDetails(groupOption),Poor,false
,ungroup(groupOption),Poor,false
,unmerge(),Poor,false
ExcelScript.RangeAreas,,Fine,false
,addConditionalFormat(type),Fine,false
,calculate(),Poor,false
,clear(applyTo),Fine,false
,clearAllConditionalFormats(),Fine,false
,convertDataTypeToText(),Fine,false
,copyFrom(sourceRange,Good,false
,getAddress(),Good,false
,getAddressLocal(),Poor,false
,getAreaCount(),Fine,false
,getAreas(),Fine,false
,getCellCount(),Good,false
,getConditionalFormat(id),Poor,false
,getConditionalFormats(),Fine,false
,getDataValidation(),Fine,false
,getEntireColumn(),Fine,false
,getEntireRow(),Fine,false
,getFormat(),Fine,false
,getIntersection(anotherRange),Good,false
,getIsEntireColumn(),Fine,false
,getIsEntireRow(),Fine,false
,getOffsetRangeAreas(rowOffset,Good,false
,getPredefinedCellStyle(),Good,false
,getSpecialCells(cellType,Good,false
,getTables(fullyContained),Fine,false
,getUsedRangeAreas(valuesOnly),Good,false
,getWorksheet(),Poor,false
,setDirty(),Fine,false
,setPredefinedCellStyle(predefinedCellStyle),Good,false
ExcelScript.RangeBorder,,Poor,false
,getColor(),Fine,false
,getSideIndex(),Good,false
,getStyle(),Good,false
,getTintAndShade(),Good,false
,getWeight(),Good,false
,setColor(color),Fine,false
,setStyle(style),Good,false
,setTintAndShade(tintAndShade),Good,false
,setWeight(weight),Good,false
ExcelScript.RangeCopyType,,Missing,false
,all,Missing,false
,formats,Missing,false
,formulas,Missing,false
,values,Missing,false
ExcelScript.RangeFill,,Poor,false
,clear(),Poor,false
,getColor(),Fine,false
,getPattern(),Good,false
,getPatternColor(),Fine,false
,getPatternTintAndShade(),Good,false
,getTintAndShade(),Good,false
,setColor(color),Fine,false
,setPattern(pattern),Good,false
,setPatternColor(patternColor),Fine,false
,setPatternTintAndShade(patternTintAndShade),Good,false
,setTintAndShade(tintAndShade),Good,false
ExcelScript.RangeFont,,Fine,false
,getBold(),Poor,false
,getColor(),Fine,false
,getItalic(),Poor,false
,getName(),Good,false
,getSize(),Poor,false
,getStrikethrough(),Good,false
,getSubscript(),Good,false
,getSuperscript(),Good,false
,getTintAndShade(),Good,false
,getUnderline(),Good,false
,setBold(bold),Poor,false
,setColor(color),Fine,false
,setItalic(italic),Poor,false
,setName(name),Good,false
,setSize(size),Poor,false
,setStrikethrough(strikethrough),Good,false
,setSubscript(subscript),Good,false
,setSuperscript(superscript),Good,false
,setTintAndShade(tintAndShade),Good,false
,setUnderline(underline),Good,false
ExcelScript.RangeFormat,,Fine,false
,adjustIndent(amount),Good,false
,autofitColumns(),Fine,false
,autofitRows(),Fine,false
,getAutoIndent(),Fine,false
,getBorders(),Fine,false
,getColumnWidth(),Good,false
,getFill(),Poor,false
,getFont(),Poor,false
,getHorizontalAlignment(),Good,false
,getIndentLevel(),Fine,false
,getProtection(),Poor,false
,getRangeBorder(index),Poor,false
,getRangeBorderTintAndShade(),Good,false
,getReadingOrder(),Poor,false
,getRowHeight(),Good,false
,getShrinkToFit(),Fine,false
,getTextOrientation(),Good,false
,getUseStandardHeight(),Good,false
,getUseStandardWidth(),Good,false
,getVerticalAlignment(),Good,false
,getWrapText(),Good,false
,setAutoIndent(autoIndent),Fine,false
,setColumnWidth(columnWidth),Good,false
,setHorizontalAlignment(horizontalAlignment),Good,false
,setIndentLevel(indentLevel),Fine,false
,setRangeBorderTintAndShade(rangeBorderTintAndShade),Good,false
,setReadingOrder(readingOrder),Poor,false
,setRowHeight(rowHeight),Good,false
,setShrinkToFit(shrinkToFit),Fine,false
,setTextOrientation(textOrientation),Good,false
,setUseStandardHeight(useStandardHeight),Good,false
,setUseStandardWidth(useStandardWidth),Good,false
,setVerticalAlignment(verticalAlignment),Good,false
,setWrapText(wrapText),Good,false
ExcelScript.RangeHyperlink,,Fine,false
,address,Poor,false
,documentReference,Poor,false
,screenTip,Poor,false
,textToDisplay,Fine,false
ExcelScript.RangeReference,,Fine,false
,address,Poor,false
ExcelScript.RangeSort,,Poor,false
,apply(fields,Poor,false
ExcelScript.RangeUnderlineStyle,,Missing,false
,double,Missing,false
,doubleAccountant,Missing,false
,none,Missing,false
,single,Missing,false
,singleAccountant,Missing,false
ExcelScript.RangeValueType,,Missing,false
,boolean,Missing,false
,double,Missing,false
,empty,Missing,false
,error,Missing,false
,integer,Missing,false
,richValue,Missing,false
,string,Missing,false
,unknown,Missing,false
ExcelScript.RangeView,,Fine,false
,getCellAddresses(),Poor,false
,getColumnCount(),Poor,false
,getFormulas(),Good,false
,getFormulasLocal(),Good,false
,getFormulasR1C1(),Good,false
,getIndex(),Fine,false
,getNumberFormat(),Poor,false
,getRange(),Fine,false
,getRowCount(),Poor,false
,getRows(),Fine,false
,getText(),Good,false
,getValues(),Good,false
,getValueTypes(),Poor,false
,setFormulas(formulas),Good,false
,setFormulasLocal(formulasLocal),Good,false
,setFormulasR1C1(formulasR1C1),Good,false
,setNumberFormat(numberFormat),Poor,false
,setValues(values),Good,false
ExcelScript.ReadingOrder,,Missing,false
,context,Good,false
,leftToRight,Poor,false
,rightToLeft,Poor,false
ExcelScript.RemoveDuplicatesResult,,Poor,false
,getRemoved(),Poor,false
,getUniqueRemaining(),Fine,false
ExcelScript.ReplaceCriteria,,Poor,false
,completeMatch,Good,false
,matchCase,Good,false
ExcelScript.RowColumnPivotHierarchy,,Poor,false
,getFields(),Poor,false
,getId(),Poor,false
,getName(),Poor,false
,getPivotField(name),Good,false
,getPosition(),Poor,false
,setName(name),Poor,false
,setPosition(position),Poor,false
,setToDefault(),Poor,false
ExcelScript.SearchCriteria,,Poor,false
,completeMatch,Good,false
,matchCase,Good,false
,searchDirection,Good,false
ExcelScript.SearchDirection,,Poor,false
,backwards,Poor,false
,forward,Poor,false
ExcelScript.Shape,,Good,false
,copyTo(destinationSheet),Good,false
,delete(),Poor,false
,getAltTextDescription(),Poor,false
,getAltTextTitle(),Poor,false
,getAsImage(format),Good,false
,getConnectionSiteCount(),Poor,false
,getFill(),Poor,false
,getGeometricShape(),Good,false
,getGeometricShapeType(),Good,false
,getGroup(),Good,false
,getHeight(),Good,false
,getId(),Poor,false
,getImage(),Good,false
,getLeft(),Good,false
,getLevel(),Good,false
,getLine(),Good,false
,getLineFormat(),Poor,false
,getLockAspectRatio(),Fine,false
,getName(),Poor,false
,getParentGroup(),Poor,false
,getPlacement(),Fine,false
,getRotation(),Poor,false
,getTextFrame(),Good,false
,getTop(),Good,false
,getType(),Good,false
,getVisible(),Poor,false
,getWidth(),Good,false
,getZOrderPosition(),Fine,false
,incrementLeft(increment),Fine,false
,incrementRotation(increment),Good,false
,incrementTop(increment),Fine,false
,scaleHeight(scaleFactor,Good,false
,scaleWidth(scaleFactor,Good,false
,setAltTextDescription(altTextDescription),Poor,false
,setAltTextTitle(altTextTitle),Poor,false
,setGeometricShapeType(geometricShapeType),Good,false
,setHeight(height),Good,false
,setLeft(left),Good,false
,setLockAspectRatio(lockAspectRatio),Fine,false
,setName(name),Poor,false
,setPlacement(placement),Fine,false
,setRotation(rotation),Poor,false
,setTop(top),Good,false
,setVisible(visible),Poor,false
,setWidth(width),Good,false
,setZOrder(position),Fine,false
ExcelScript.ShapeAutoSize,,Poor,false
,autoSizeMixed,Poor,false
,autoSizeNone,Poor,false
,autoSizeShapeToFitText,Poor,false
,autoSizeTextToFitShape,Poor,false
ExcelScript.ShapeFill,,Poor,false
,clear(),Poor,false
,getForegroundColor(),Fine,false
,getTransparency(),Good,false
,getType(),Good,false
,setForegroundColor(foregroundColor),Fine,false
,setSolidColor(color),Good,false
,setTransparency(transparency),Good,false
ExcelScript.ShapeFillType,,Poor,false
,gradient,Poor,false
,mixed,Poor,false
,noFill,Poor,false
,pattern,Poor,false
,pictureAndTexture,Poor,false
,solid,Poor,false
ExcelScript.ShapeFont,,Fine,false
,getBold(),Good,false
,getColor(),Good,false
,getItalic(),Good,false
,getName(),Good,false
,getSize(),Good,false
,getUnderline(),Good,false
,setBold(bold),Good,false
,setColor(color),Good,false
,setItalic(italic),Good,false
,setName(name),Good,false
,setSize(size),Good,false
,setUnderline(underline),Good,false
ExcelScript.ShapeFontUnderlineStyle,,Poor,false
,dash,Missing,false
,dashHeavy,Missing,false
,dashLong,Missing,false
,dashLongHeavy,Missing,false
,dotDash,Missing,false
,dotDashHeavy,Missing,false
,dotDotDash,Missing,false
,dotDotDashHeavy,Missing,false
,dotted,Missing,false
,dottedHeavy,Missing,false
,double,Missing,false
,heavy,Missing,false
,none,Missing,false
,single,Missing,false
,wavy,Missing,false
,wavyDouble,Missing,false
,wavyHeavy,Missing,false
ExcelScript.ShapeGroup,,Good,false
,getGroupShape(),Poor,false
,getId(),Poor,false
,getShape(key),Poor,false
,getShapes(),Poor,false
,ungroup(),Poor,false
ExcelScript.ShapeLineDashStyle,,Poor,false
,dash,Missing,false
,dashDot,Missing,false
,dashDotDot,Missing,false
,longDash,Missing,false
,longDashDot,Missing,false
,longDashDotDot,Missing,false
,roundDot,Missing,false
,solid,Missing,false
,squareDot,Missing,false
,systemDash,Missing,false
,systemDashDot,Missing,false
,systemDot,Missing,false
ExcelScript.ShapeLineFormat,,Good,false
,getColor(),Fine,false
,getDashStyle(),Good,false
,getStyle(),Good,false
,getTransparency(),Good,false
,getVisible(),Good,false
,getWeight(),Good,false
,setColor(color),Fine,false
,setDashStyle(dashStyle),Good,false
,setStyle(style),Good,false
,setTransparency(transparency),Good,false
,setVisible(visible),Good,false
,setWeight(weight),Good,false
ExcelScript.ShapeLineStyle,,Poor,false
,single,Poor,false
,thickBetweenThin,Poor,false
,thickThin,Good,false
,thinThick,Good,false
,thinThin,Poor,false
ExcelScript.ShapeScaleFrom,,Fine,false
,scaleFromBottomRight,Missing,false
,scaleFromMiddle,Missing,false
,scaleFromTopLeft,Missing,false
ExcelScript.ShapeScaleType,,Fine,false
,currentSize,Missing,false
,originalSize,Missing,false
ExcelScript.ShapeTextHorizontalAlignment,,Fine,false
,center,Missing,false
,distributed,Missing,false
,justify,Missing,false
,justifyLow,Missing,false
,left,Missing,false
,right,Missing,false
,thaiDistributed,Missing,false
ExcelScript.ShapeTextHorizontalOverflow,,Fine,false
,clip,Missing,false
,overflow,Missing,false
ExcelScript.ShapeTextOrientation,,Fine,false
,eastAsianVertical,Missing,false
,horizontal,Missing,false
,mongolianVertical,Missing,false
,vertical,Missing,false
,vertical270,Missing,false
,wordArtVertical,Missing,false
,wordArtVerticalRTL,Missing,false
ExcelScript.ShapeTextReadingOrder,,Fine,false
,leftToRight,Missing,false
,rightToLeft,Missing,false
ExcelScript.ShapeTextVerticalAlignment,,Fine,false
,bottom,Missing,false
,distributed,Missing,false
,justified,Missing,false
,middle,Missing,false
,top,Missing,false
ExcelScript.ShapeTextVerticalOverflow,,Fine,false
,clip,Fine,false
,ellipsis,Fine,false
,overflow,Fine,false
ExcelScript.ShapeType,,Poor,false
,geometricShape,Missing,false
,group,Missing,false
,image,Missing,false
,line,Missing,false
,unsupported,Missing,false
ExcelScript.ShapeZOrder,,Fine,false
,bringForward,Missing,false
,bringToFront,Missing,false
,sendBackward,Missing,false
,sendToBack,Missing,false
ExcelScript.SheetVisibility,,Missing,false
,hidden,Missing,false
,veryHidden,Missing,false
,visible,Missing,false
ExcelScript.ShowAsCalculation,,Poor,false
,differenceFrom,Poor,false
,index,Fine,false
,none,Poor,false
,percentDifferenceFrom,Poor,false
,percentOf,Poor,false
,percentOfColumnTotal,Poor,false
,percentOfGrandTotal,Poor,false
,percentOfParentColumnTotal,Fine,false
,percentOfParentRowTotal,Fine,false
,percentOfParentTotal,Fine,false
,percentOfRowTotal,Poor,false
,percentRunningTotal,Poor,false
,rankAscending,Poor,false
,rankDecending,Poor,false
,runningTotal,Poor,false
,unknown,Poor,false
ExcelScript.ShowAsRule,,Missing,false
,baseField,Fine,false
,baseItem,Fine,false
,calculation,Good,false
ExcelScript.Slicer,,Poor,false
,clearFilters(),Poor,false
,delete(),Poor,false
,getCaption(),Poor,false
,getHeight(),Good,false
,getId(),Poor,false
,getIsFilterCleared(),Fine,false
,getLeft(),Good,false
,getName(),Poor,false
,getSelectedItems(),Poor,false
,getSlicerItem(key),Good,false
,getSlicerItems(),Fine,false
,getSortBy(),Good,false
,getStyle(),Good,false
,getTop(),Good,false
,getWidth(),Good,false
,getWorksheet(),Poor,false
,selectItems(items),Good,false
,setCaption(caption),Poor,false
,setHeight(height),Good,false
,setLeft(left),Good,false
,setName(name),Poor,false
,setSortBy(sortBy),Good,false
,setStyle(style),Good,false
,setTop(top),Good,false
,setWidth(width),Good,false
ExcelScript.SlicerItem,,Poor,false
,getHasData(),Poor,false
,getIsSelected(),Good,false
,getKey(),Poor,false
,getName(),Poor,false
,setIsSelected(isSelected),Good,false
ExcelScript.SlicerSortType,,Poor,false
,ascending,Poor,false
,dataSourceOrder,Fine,false
,descending,Poor,false
ExcelScript.SlicerStyle,,Fine,false
,delete(),Poor,false
,duplicate(),Fine,false
,getName(),Poor,false
,getReadOnly(),Poor,false
,setName(name),Poor,false
ExcelScript.SortBy,,Poor,false
,ascending,Poor,false
,descending,Poor,false
ExcelScript.SortDataOption,,Missing,false
,normal,Missing,false
,textAsNumber,Missing,false
ExcelScript.SortField,,Poor,false
,ascending,Fine,false
,color,Fine,false
,dataOption,Poor,false
,icon,Fine,false
,key,Good,false
,sortOn,Poor,false
,subField,Fine,false
ExcelScript.SortMethod,,Missing,false
,pinYin,Missing,false
,strokeCount,Missing,false
ExcelScript.SortOn,,Missing,false
,cellColor,Missing,false
,fontColor,Missing,false
,icon,Missing,false
,value,Missing,false
ExcelScript.SortOrientation,,Missing,false
,columns,Missing,false
,rows,Missing,false
ExcelScript.SpecialCellType,,Missing,false
,blanks,Poor,false
,conditionalFormats,Poor,false
,constants,Poor,false
,dataValidations,Poor,false
,formulas,Poor,false
,sameConditionalFormat,Fine,false
,sameDataValidation,Fine,false
,visible,Poor,false
ExcelScript.SpecialCellValueType,,Missing,false
,all,Poor,false
,errors,Poor,false
,errorsLogical,Poor,false
,errorsLogicalNumber,Poor,false
,errorsLogicalText,Poor,false
,errorsNumbers,Poor,false
,errorsNumberText,Poor,false
,errorsText,Poor,false
,logical,Poor,false
,logicalNumbers,Poor,false
,logicalNumbersText,Poor,false
,logicalText,Poor,false
,numbers,Poor,false
,numbersText,Poor,false
,text,Poor,false
ExcelScript.SubtotalLocationType,,Missing,false
,atBottom,Poor,false
,atTop,Poor,false
,off,Poor,false
ExcelScript.Subtotals,,Poor,false
,automatic,Fine,false
,average,Poor,false
,count,Poor,false
,countNumbers,Poor,false
,max,Poor,false
,min,Poor,false
,product,Poor,false
,standardDeviation,Poor,false
,standardDeviationP,Poor,false
,sum,Poor,false
,variance,Poor,false
,varianceP,Poor,false
ExcelScript.Table,,Poor,false
,addColumn(index,Poor,false
,addRow(index,Poor,false
,addRows(index,Poor,false
,clearFilters(),Poor,false
,convertToRange(),Good,false
,delete(),Poor,false
,deleteRowsAt(index,Fine,false
,getAutoFilter(),Poor,false
,getColumn(key),Good,false
,getColumnById(key),Good,false
,getColumnByName(key),Good,false
,getColumns(),Fine,false
,getHeaderRowRange(),Fine,false
,getHighlightFirstColumn(),Poor,false
,getHighlightLastColumn(),Poor,false
,getId(),Good,false
,getLegacyId(),Poor,false
,getName(),Poor,false
,getPredefinedTableStyle(),Good,false
,getRange(),Poor,false
,getRangeBetweenHeaderAndTotal(),Fine,false
,getRowCount(),Poor,false
,getShowBandedColumns(),Fine,false
,getShowBandedRows(),Fine,false
,getShowFilterButton(),Good,false
,getShowHeaders(),Good,false
,getShowTotals(),Good,false
,getSort(),Poor,false
,getTotalRowRange(),Fine,false
,getWorksheet(),Poor,false
,reapplyFilters(),Poor,false
,setHighlightFirstColumn(highlightFirstColumn),Poor,false
,setHighlightLastColumn(highlightLastColumn),Poor,false
,setName(name),Poor,false
,setPredefinedTableStyle(predefinedTableStyle),Good,false
,setShowBandedColumns(showBandedColumns),Fine,false
,setShowBandedRows(showBandedRows),Fine,false
,setShowFilterButton(showFilterButton),Good,false
,setShowHeaders(showHeaders),Good,false
,setShowTotals(showTotals),Good,false
ExcelScript.TableColumn,,Poor,false
,delete(),Poor,false
,getFilter(),Poor,false
,getHeaderRowRange(),Fine,false
,getId(),Fine,false
,getIndex(),Good,false
,getName(),Poor,false
,getRange(),Poor,false
,getRangeBetweenHeaderAndTotal(),Fine,false
,getTotalRowRange(),Fine,false
,setName(name),Poor,false
ExcelScript.TableSort,,Poor,false
,apply(fields,Poor,true
,clear(),Good,false
,getFields(),Fine,false
,getMatchCase(),Fine,false
,getMethod(),Fine,false
,reapply(),Poor,false
ExcelScript.TableStyle,,Fine,false
,delete(),Poor,false
,duplicate(),Fine,false
,getName(),Poor,false
,getReadOnly(),Poor,false
,setName(name),Poor,false
ExcelScript.TextConditionalFormat,,Poor,false
,getFormat(),Fine,false
,getRule(),Poor,false
,setRule(rule),Poor,false
ExcelScript.TextFrame,,Poor,false
,deleteText(),Poor,false
,getAutoSizeSetting(),Good,false
,getBottomMargin(),Fine,false
,getHasText(),Poor,false
,getHorizontalAlignment(),Good,false
,getHorizontalOverflow(),Good,false
,getLeftMargin(),Fine,false
,getOrientation(),Good,false
,getReadingOrder(),Good,false
,getRightMargin(),Fine,false
,getTextRange(),Good,false
,getTopMargin(),Fine,false
,getVerticalAlignment(),Good,false
,getVerticalOverflow(),Good,false
,setAutoSizeSetting(autoSizeSetting),Good,false
,setBottomMargin(bottomMargin),Fine,false
,setHorizontalAlignment(horizontalAlignment),Good,false
,setHorizontalOverflow(horizontalOverflow),Good,false
,setLeftMargin(leftMargin),Fine,false
,setOrientation(orientation),Good,false
,setReadingOrder(readingOrder),Good,false
,setRightMargin(rightMargin),Fine,false
,setTopMargin(topMargin),Fine,false
,setVerticalAlignment(verticalAlignment),Good,false
,setVerticalOverflow(verticalOverflow),Good,false
ExcelScript.TextRange,,Fine,false
,getFont(),Fine,false
,getSubstring(start,Fine,false
,getText(),Poor,false
,setText(text),Poor,false
ExcelScript.TimelineStyle,,Fine,false
,delete(),Poor,false
,duplicate(),Fine,false
,getName(),Poor,false
,getReadOnly(),Poor,false
,setName(name),Poor,false
ExcelScript.TopBottomConditionalFormat,,Poor,false
,getFormat(),Fine,false
,getRule(),Poor,false
,setRule(rule),Poor,true
ExcelScript.TopBottomSelectionType,,Fine,false
,items,Fine,false
,percent,Fine,false
,sum,Fine,false
ExcelScript.ValueFilterCondition,,Good,false
,between,Good,false
,bottomN,Fine,false
,equals,Good,false
,greaterThan,Fine,false
,greaterThanOrEqualTo,Fine,false
,lessThan,Fine,false
,lessThanOrEqualTo,Fine,false
,topN,Fine,false
,unknown,Poor,false
ExcelScript.VerticalAlignment,,Missing,false
,bottom,Missing,false
,center,Missing,false
,distributed,Missing,false
,justify,Missing,false
,top,Missing,false
ExcelScript.Workbook,,Fine,false
,addBinding(range,Poor,false
,addBindingFromNamedItem(name,Good,false
,addBindingFromSelection(bindingType,Good,false
,addComment(cellAddress,Good,false
,addCustomXmlPart(xml),Poor,false
,addNamedItem(name,Fine,false
,addNamedItemFormulaLocal(name,Fine,false
,addPivotTable(name,Fine,false
,addPivotTableStyle(name,Poor,false
,addPredefinedCellStyle(name),Poor,false
,addSlicer(slicerSource,Poor,false
,addSlicerStyle(name,Poor,false
,addTable(address,Good,false
,addTableStyle(name,Poor,false
,addTimelineStyle(name,Poor,false
,addWorksheet(name),Good,false
,getActiveCell(),Poor,true
,getActiveChart(),Good,false
,getActiveSlicer(),Good,false
,getActiveWorksheet(),Poor,false
,getApplication(),Poor,false
,getAutoSave(),Poor,false
,getBinding(id),Good,false
,getBindings(),Fine,false
,getCalculationEngineVersion(),Fine,false
,getChartDataPointTrack(),Good,false
,getComment(commentId),Fine,false
,getCommentByCell(cellAddress),Poor,false
,getCommentByReplyId(replyId),Fine,false
,getComments(),Poor,false
,getCustomXmlPart(id),Good,false
,getCustomXmlPartByNamespace(namespaceUri),Fine,false
,getCustomXmlParts(),Fine,false
,getDefaultPivotTableStyle(),Fine,false
,getDefaultSlicerStyle(),Poor,false
,getDefaultTableStyle(),Fine,false
,getDefaultTimelineStyle(),Fine,false
,getFirstWorksheet(visibleOnly),Poor,false
,getIsDirty(),Good,false
,getLastWorksheet(visibleOnly),Poor,false
,getName(),Poor,false
,getNamedItem(name),Good,false
,getNames(),Fine,false
,getPivotTable(name),Good,false
,getPivotTables(),Poor,false
,getPivotTableStyle(name),Good,false
,getPivotTableStyles(),Poor,false
,getPredefinedCellStyle(name),Poor,false
,getPredefinedCellStyles(),Poor,false
,getPreviouslySaved(),Fine,false
,getProperties(),Poor,false
,getProtection(),Poor,false
,getReadOnly(),Fine,false
,getSelectedRange(),Good,false
,getSelectedRanges(),Good,false
,getSlicer(key),Good,false
,getSlicers(),Poor,false
,getSlicerStyle(name),Good,false
,getSlicerStyles(),Poor,false
,getTable(key),Good,false
,getTables(),Poor,false
,getTableStyle(name),Good,false
,getTableStyles(),Poor,false
,getTimelineStyle(name),Good,false
,getTimelineStyles(),Poor,false
,getUsePrecisionAsDisplayed(),Good,false
,getWorksheet(key),Good,false
,getWorksheets(),Poor,true
,refreshAllDataConnections(),Poor,false
,refreshAllPivotTables(),Poor,false
,setChartDataPointTrack(chartDataPointTrack),Good,false
,setDefaultPivotTableStyle(newDefaultStyle),Fine,false
,setDefaultSlicerStyle(newDefaultStyle),Fine,false
,setDefaultTableStyle(newDefaultStyle),Fine,false
,setDefaultTimelineStyle(newDefaultStyle),Fine,false
,setIsDirty(isDirty),Good,false
,setUsePrecisionAsDisplayed(usePrecisionAsDisplayed),Good,false
ExcelScript.WorkbookProtection,,Poor,false
,getProtected(),Poor,false
,protect(password),Good,false
,unprotect(password),Poor,false
ExcelScript.WorkbookRangeAreas,,Fine,false
,getAddresses(),Good,false
,getAreas(),Good,false
,getRangeAreasBySheet(key),Good,false
,getRanges(),Fine,false
ExcelScript.Worksheet,,Good,false
,activate(),Poor,false
,addChart(type,Poor,false
,addComment(cellAddress,Good,false
,addGeometricShape(geometricShapeType),Good,false
,addGroup(values),Good,false
,addHorizontalPageBreak(pageBreakRange),Fine,false
,addImage(base64ImageString),Good,false
,addLine(startLeft,Good,false
,addNamedItem(name,Fine,false
,addNamedItemFormulaLocal(name,Fine,false
,addPivotTable(name,Fine,false
,addSlicer(slicerSource,Poor,false
,addTable(address,Good,true
,addTextBox(text),Good,false
,addVerticalPageBreak(pageBreakRange),Fine,false
,addWorksheetCustomProperty(key,Good,false
,calculate(markAllDirty),Poor,false
,copy(positionType,Fine,false
,delete(),Good,true
,findAll(text,Fine,false
,getAutoFilter(),Poor,false
,getCell(row,Good,false
,getChart(name),Good,false
,getCharts(),Fine,false
,getComment(commentId),Fine,false
,getCommentByCell(cellAddress),Poor,false
,getCommentByReplyId(replyId),Fine,false
,getComments(),Fine,false
,getCustomProperties(),Poor,false
,getEnableCalculation(),Good,false
,getFreezePanes(),Fine,false
,getHorizontalPageBreaks(),Good,false
,getId(),Good,false
,getName(),Poor,true
,getNamedItem(name),Good,false
,getNames(),Poor,false
,getNext(visibleOnly),Good,false
,getPageLayout(),Poor,false
,getPivotTable(name),Good,false
,getPivotTables(),Poor,false
,getPosition(),Poor,false
,getPrevious(visibleOnly),Good,false
,getProtection(),Poor,false
,getRange(address),Fine,true
,getRangeByIndexes(startRow,Fine,false
,getRanges(address),Fine,false
,getShape(key),Poor,false
,getShapes(),Fine,false
,getShowGridlines(),Poor,false
,getShowHeadings(),Poor,false
,getSlicer(key),Good,false
,getSlicers(),Fine,false
,getStandardHeight(),Fine,false
,getStandardWidth(),Good,false
,getTabColor(),Good,false
,getTable(key),Good,false
,getTables(),Poor,false
,getUsedRange(valuesOnly),Missing,false
,getVerticalPageBreaks(),Good,false
,getVisibility(),Poor,false
,getWorksheetCustomProperty(key),Good,false
,refreshAllPivotTables(),Poor,false
,removeAllHorizontalPageBreaks(),Poor,false
,removeAllVerticalPageBreaks(),Poor,false
,replaceAll(text,Fine,false
,setEnableCalculation(enableCalculation),Good,false
,setName(name),Poor,false
,setPosition(position),Poor,false
,setShowGridlines(showGridlines),Poor,false
,setShowHeadings(showHeadings),Poor,false
,setStandardWidth(standardWidth),Good,false
,setTabColor(tabColor),Good,true
,setVisibility(visibility),Poor,false
,showOutlineLevels(rowLevels,Good,false
ExcelScript.WorksheetCustomProperty,,Poor,false
,delete(),Poor,false
,getKey(),Good,false
,getValue(),Poor,false
,setValue(value),Poor,false
ExcelScript.WorksheetFreezePanes,,Missing,false
,freezeAt(frozenRange),Good,false
,freezeColumns(count),Fine,false
,freezeRows(count),Fine,false
,getLocation(),Good,false
,unfreeze(),Poor,false
ExcelScript.WorksheetPositionType,,Missing,false
,after,Missing,false
,before,Missing,false
,beginning,Missing,false
,end,Missing,false
,none,Missing,false
ExcelScript.WorksheetProtection,,Poor,false
,getOptions(),Poor,false
,getProtected(),Poor,false
,protect(options,Good,false
,unprotect(password),Poor,false
ExcelScript.WorksheetProtectionOptions,,Poor,false
,allowAutoFilter,Fine,false
,allowDeleteColumns,Poor,false
,allowDeleteRows,Poor,false
,allowEditObjects,Poor,false
,allowEditScenarios,Poor,false
,allowFormatCells,Poor,false
,allowFormatColumns,Poor,false
,allowFormatRows,Poor,false
,allowInsertColumns,Poor,false
,allowInsertHyperlinks,Poor,false
,allowInsertRows,Poor,false
,allowPivotTables,Fine,false
,allowSort,Fine,false
,selectionMode,Poor,false
ExcelScript.WorksheetSearchCriteria,,Poor,false
,completeMatch,Good,false
,matchCase,Good,false
